StationID,endTime,rfd,tsoil,t2m,t60cm,t10m,rh,ws,wsmax,wdir,rain,dp
260,2021-09-12T23:45:00-05:00,0.59,26.23,22.04,20.87,22.18,92.5,2.04,3.89,85.5,0,20.77
260,2021-09-12T23:30:00-05:00,0.584,26.29,22.3,21.12,22.5,91.6,2.99,6.01,78.3,0,20.87
260,2021-09-12T23:15:00-05:00,0.585,26.35,22.66,21.64,22.67,90.8,2.89,4.54,90.2,0,21.08
260,2021-09-12T23:00:00-05:00,0.585,26.41,23.02,22.03,22.98,89,3.95,6.12,84.9,0,21.11
260,2021-09-12T22:45:00-05:00,0.586,26.47,23.24,22.29,23.2,88.4,4.79,10.51,88.4,0,21.22
260,2021-09-12T22:30:00-05:00,0.585,26.54,23.32,22.34,23.41,88.5,6.29,10.55,86.9,0,21.31
260,2021-09-12T22:15:00-05:00,0.585,26.6,23.62,22.55,23.6,87.2,5.15,7.74,109,0,21.37
260,2021-09-12T22:00:00-05:00,0.585,26.66,23.87,22.8,23.84,86.3,5.15,8.03,101.5,0,21.44
260,2021-09-12T21:45:00-05:00,0.585,26.73,24.24,23.25,24.26,84.2,5.61,7.99,75.2,0,21.41
260,2021-09-12T21:30:00-05:00,0.585,26.79,24.5,23.5,24.51,83.8,6.45,10.01,91.3,0,21.58
260,2021-09-12T21:15:00-05:00,0.587,26.86,24.53,23.45,24.65,84.2,6.86,12.63,88.9,0,21.69
260,2021-09-12T21:00:00-05:00,0.587,26.92,24.43,23.36,24.64,86.1,5.21,9.14,92.2,0,21.96
260,2021-09-12T20:45:00-05:00,0.593,26.97,24.95,23.82,24.93,83.6,4.62,7.16,95.7,0,21.98
260,2021-09-12T20:30:00-05:00,0.605,27.03,25.32,24.23,25.3,81.1,5.38,9.07,86.4,0,21.85
260,2021-09-12T20:15:00-05:00,0.636,27.09,25.58,24.45,25.68,79.9,5.97,9.29,79.7,0,21.86
260,2021-09-12T20:00:00-05:00,0.892,27.14,25.95,24.86,26.03,78.5,5.84,8.64,70.1,0,21.93
260,2021-09-12T19:45:00-05:00,2.555,27.19,26.31,25.22,26.42,78,5.95,9.72,68.48,0,22.17
260,2021-09-12T19:30:00-05:00,9.28,27.23,26.92,25.97,26.9,74.9,5.28,7.67,72.2,0,22.1
260,2021-09-12T19:15:00-05:00,19.03,27.26,27.52,26.67,27.46,71.5,6.26,9.58,70.9,0,21.91
260,2021-09-12T19:00:00-05:00,34.78,27.28,28.12,27.52,28.01,68.39,6.28,11.64,83.6,0,21.76
260,2021-09-12T18:45:00-05:00,83.6,27.3,28.94,28.79,28.63,64.5,9.45,15.87,82.2,0,21.58
260,2021-09-12T18:30:00-05:00,173.9,27.31,29.41,29.37,28.98,61.88,11.88,18.51,79.6,0,21.35
260,2021-09-12T18:15:00-05:00,213.2,27.31,29.72,29.76,29.13,64.34,12.97,19.23,86.3,0,22.28
260,2021-09-12T18:00:00-05:00,257.8,27.3,29.87,29.97,29.26,63.88,13.31,21.02,92.5,0,22.3
260,2021-09-12T17:45:00-05:00,303.7,27.28,29.97,30.21,29.32,63.08,13.02,18.68,91.9,0,22.19
260,2021-09-12T17:30:00-05:00,350.4,27.25,30.17,30.48,29.42,63.24,12.25,21.48,88.6,0,22.42
260,2021-09-12T17:15:00-05:00,399.1,27.21,30.14,30.41,29.35,63.37,13.78,20.45,74.1,0,22.42
260,2021-09-12T17:00:00-05:00,439.1,27.17,30.27,30.6,29.43,65.21,14.79,26.78,83.5,0,23.02
260,2021-09-12T16:45:00-05:00,479.7,27.11,30.36,30.74,29.47,65.92,13.16,20.92,69.93,0,23.28
260,2021-09-12T16:30:00-05:00,528.3,27.05,30.41,30.92,29.52,65.47,12.97,21.21,72.6,0,23.22
260,2021-09-12T16:15:00-05:00,521.1,26.98,30.24,30.45,29.44,65.07,13.84,21.45,80.4,0,22.96
260,2021-09-12T16:00:00-05:00,409.5,26.89,30.26,30.36,29.54,62.96,14.44,22.68,81.1,0,22.43
260,2021-09-12T15:45:00-05:00,465,26.8,30.32,30.46,29.61,63.05,13.34,23.05,75.2,0,22.51
260,2021-09-12T15:30:00-05:00,557.4,26.7,30.36,30.6,29.56,62.29,16.09,24.37,75,0,22.35
260,2021-09-12T15:15:00-05:00,557.7,26.58,30.38,30.59,29.56,62.29,15.45,26.31,83.9,0,22.37
260,2021-09-12T15:00:00-05:00,670.8,26.46,30.59,30.87,29.65,64.53,17.03,29.08,72.9,0,23.15
260,2021-09-12T14:45:00-05:00,615.3,26.33,30.44,30.72,29.53,65.43,15.92,24.94,81,0,23.24
260,2021-09-12T14:30:00-05:00,674.2,26.2,30.65,31.04,29.69,66.33,14.71,25.67,70.4,0,23.66
260,2021-09-12T14:15:00-05:00,830,26.08,30.76,31.41,29.62,68.41,13.66,22.47,76.1,0,24.28
260,2021-09-12T14:00:00-05:00,812,25.96,30.49,30.99,29.54,69.12,12.89,22.21,67.23,0,24.19
260,2021-09-12T13:45:00-05:00,478.6,25.83,30.02,30.19,29.24,69.03,13.34,25.88,76.9,0,23.72
260,2021-09-12T13:30:00-05:00,679.9,25.7,30.59,31.08,29.49,67.09,14.58,22.76,88.3,0,23.79
260,2021-09-12T13:15:00-05:00,829,25.59,30.73,31.28,29.57,66.17,14.98,27.71,100.2,0,23.7
260,2021-09-12T13:00:00-05:00,766,25.49,30.35,30.85,29.32,65.9,15.98,28.26,97.8,0,23.27
260,2021-09-12T12:45:00-05:00,778,25.39,30.5,31.08,29.41,67.55,12.6,23.9,107.2,0,23.82
260,2021-09-12T12:30:00-05:00,575.5,25.3,29.58,29.83,28.68,69.1,17.49,26.31,95.9,0,23.32
260,2021-09-12T12:15:00-05:00,687,25.22,29.84,30.29,28.77,71.7,15.06,21.82,113.3,0,24.18
260,2021-09-12T12:00:00-05:00,632,25.15,29.35,29.79,28.29,74.9,14.98,25.59,92.9,0,24.44
260,2021-09-12T11:45:00-05:00,558.9,25.08,29.06,29.42,28.16,75.8,13.26,21.71,101.4,0,24.36
260,2021-09-12T11:30:00-05:00,395.3,25.01,28.5,28.69,27.7,77.7,13.31,24.59,90.3,0,24.23
260,2021-09-12T11:15:00-05:00,445.4,24.96,28.86,29.25,27.96,78.2,11.49,18.89,87.4,0,24.69
260,2021-09-12T11:00:00-05:00,452.5,24.9,28.26,28.34,27.43,78.7,15.77,25.81,78.6,0,24.21
260,2021-09-12T10:45:00-05:00,477.5,24.86,28.31,28.67,27.34,80.7,14.87,27.07,85.2,0,24.68
260,2021-09-12T10:30:00-05:00,525.9,24.83,27.88,28.22,26.95,82.7,15.56,25.56,85.5,0,24.67
260,2021-09-12T10:15:00-05:00,401,24.81,27.48,27.72,26.63,83.9,17.01,30.27,87.7,0,24.52
260,2021-09-12T10:00:00-05:00,391.1,24.79,27.2,27.38,26.43,85.4,14.29,26.75,75.3,0,24.54
260,2021-09-12T09:45:00-05:00,386.1,24.79,26.88,27.2,26.11,87.3,12.54,26.1,79.3,0,24.59
260,2021-09-12T09:30:00-05:00,334.2,24.78,26.13,26.38,25.44,89.6,10.17,18.75,64.89,0,24.29
260,2021-09-12T09:15:00-05:00,188.6,24.79,25.57,25.67,24.96,90.9,9.34,16.88,62.67,0,23.97
260,2021-09-12T09:00:00-05:00,255.5,24.8,25.13,25.35,24.58,92.4,8.67,16.82,63.85,0,23.81
260,2021-09-12T08:45:00-05:00,214.7,24.82,24.13,24.37,23.66,94.2,7.93,13.47,53.26,0,23.14
260,2021-09-12T08:30:00-05:00,156.7,24.83,23.46,23.66,23.06,95.2,6.4,11.96,53.44,0,22.65
260,2021-09-12T08:15:00-05:00,118.6,24.85,22.92,23.15,22.62,95.7,4.97,10.51,47.24,0,22.2
260,2021-09-12T08:00:00-05:00,83.5,24.88,22.42,22.38,22.1,96,4.05,7.6,48.35,0,21.75
260,2021-09-12T07:45:00-05:00,31.2,24.91,22.14,21.76,21.79,96.2,4.3,7.06,55.78,0,21.51
260,2021-09-12T07:30:00-05:00,10.21,24.93,21.97,21.46,21.65,96.2,4.54,9.58,45.07,0,21.34
260,2021-09-12T07:15:00-05:00,1.79,24.96,21.87,21.26,21.58,96.2,4.82,9.07,39.05,0,21.24
260,2021-09-12T07:00:00-05:00,0.752,24.99,21.92,21.31,21.65,96.1,3.95,5.8,39.69,0,21.27
260,2021-09-12T06:45:00-05:00,0.707,25.02,21.93,21.31,21.65,96.1,3.93,6.77,49.92,0,21.28
260,2021-09-12T06:30:00-05:00,0.694,25.05,21.97,21.35,21.65,96.1,3.29,5.04,50.56,0,21.32
260,2021-09-12T06:15:00-05:00,0.672,25.07,21.95,21.34,21.67,96.1,3.52,7.27,39.03,0,21.3
260,2021-09-12T06:00:00-05:00,0.647,25.11,21.96,21.34,21.67,96.1,3.83,7.7,43.29,0,21.31
260,2021-09-12T05:45:00-05:00,0.645,25.14,21.92,21.3,21.69,96,3.48,7.67,40.13,0,21.25
260,2021-09-12T05:30:00-05:00,0.638,25.17,21.94,21.35,21.74,96.1,3.64,8.39,56.01,0,21.29
260,2021-09-12T05:15:00-05:00,0.626,25.21,21.82,21.17,21.62,96,3.84,8.86,40.96,0,21.15
260,2021-09-12T05:00:00-05:00,0.609,25.24,21.67,20.85,21.61,95.8,3.58,6.77,29.86,0,20.97
260,2021-09-12T04:45:00-05:00,0.603,25.27,21.83,20.94,21.72,95.6,2.46,3.38,39.52,0,21.1
260,2021-09-12T04:30:00-05:00,0.62,25.3,22.07,21.15,21.87,95.4,2.08,3.13,46.39,0,21.3
260,2021-09-12T04:15:00-05:00,0.622,25.33,22.3,21.54,22,95.2,2.94,5.18,55.52,0,21.49
260,2021-09-12T04:00:00-05:00,0.619,25.36,22.41,21.7,22.08,95.1,3.31,6.08,54.87,0,21.59
260,2021-09-12T03:45:00-05:00,0.608,25.39,22.52,21.83,22.19,95,3.65,5.98,46.57,0,21.68
260,2021-09-12T03:30:00-05:00,0.604,25.42,22.61,21.93,22.3,95,3.94,7.24,50.88,0,21.77
260,2021-09-12T03:15:00-05:00,0.602,25.45,22.64,21.95,22.35,95,3.96,7.7,43.54,0,21.8
260,2021-09-12T03:00:00-05:00,0.596,25.48,22.72,22.04,22.42,95,3.45,8.28,56.84,0,21.88
260,2021-09-12T02:45:00-05:00,0.601,25.51,22.77,22.12,22.46,94.9,4.21,8.5,61.35,0,21.91
260,2021-09-12T02:30:00-05:00,0.598,25.54,22.84,22.2,22.53,94.9,4.97,7.88,51.22,0,21.98
260,2021-09-12T02:15:00-05:00,0.601,25.57,22.89,22.25,22.61,94.9,4.72,8.03,68.6,0,22.03
260,2021-09-12T02:00:00-05:00,0.599,25.6,22.92,22.28,22.62,95,4.4,8.5,55.52,0,22.08
260,2021-09-12T01:45:00-05:00,0.608,25.64,22.97,22.31,22.67,95.1,4.02,8.64,51.94,0,22.14
260,2021-09-12T01:30:00-05:00,0.608,25.67,23.05,22.43,22.76,95.2,4.52,8.5,59.29,0,22.24
260,2021-09-12T01:15:00-05:00,0.605,25.7,23.11,22.5,22.8,95.3,4.18,7.31,51.18,0,22.32
260,2021-09-12T01:00:00-05:00,0.598,25.74,23.2,22.58,22.96,95.5,4.33,7.56,54.83,0,22.44
260,2021-09-12T00:45:00-05:00,0.6,25.78,23.17,22.59,23.05,95.8,4.48,9.07,49.28,0,22.46
260,2021-09-12T00:30:00-05:00,0.596,25.82,23.05,22.47,23,96,4.83,7.67,41.16,0,22.38
260,2021-09-12T00:15:00-05:00,0.59,25.85,23.04,22.3,22.94,95.9,3.47,6.91,27.34,0,22.35
260,2021-09-12T00:00:00-05:00,0.588,25.89,23.09,22.3,23,95.8,2.01,3.46,30.06,0,22.38
260,2021-09-11T23:45:00-05:00,0.587,25.93,23.22,22.47,23.15,95.7,2.09,3.06,37.03,0,22.5
260,2021-09-11T23:30:00-05:00,0.587,25.96,23.3,22.56,23.24,95.6,2.38,4.61,48,0,22.56
260,2021-09-11T23:15:00-05:00,0.591,26,23.42,22.71,23.33,95.3,3.63,4.75,27.71,0,22.63
260,2021-09-11T23:00:00-05:00,0.593,26.04,23.72,22.93,23.47,95.3,1.49,2.77,38.05,0,22.92
260,2021-09-11T22:45:00-05:00,0.589,26.08,23.76,22.97,23.58,95.1,2.37,4.68,64.19,0,22.93
260,2021-09-11T22:30:00-05:00,0.591,26.12,23.85,23.06,23.65,95,3.33,5,54.24,0,23
260,2021-09-11T22:15:00-05:00,0.59,26.16,23.99,23.19,23.72,94.9,3.15,4.61,105.9,0,23.12
260,2021-09-11T22:00:00-05:00,0.586,26.2,23.93,23.18,23.79,94.6,3.33,6.3,59.2,0,23.01
260,2021-09-11T21:45:00-05:00,0.586,26.24,24.03,23.22,23.8,94.4,3.86,6.16,57.59,0,23.07
260,2021-09-11T21:30:00-05:00,0.587,26.28,24.19,23.33,23.86,93.9,3.59,6.05,104.4,0,23.15
260,2021-09-11T21:15:00-05:00,0.586,26.32,24.33,23.51,24,93.3,3.47,6.05,68.27,0,23.18
260,2021-09-11T21:00:00-05:00,0.59,26.35,24.53,23.8,24.21,92.9,3.9,5.87,56.06,0,23.31
260,2021-09-11T20:45:00-05:00,0.589,26.38,24.65,23.98,24.29,92.6,5.4,7.78,75,0,23.37
260,2021-09-11T20:30:00-05:00,0.588,26.41,24.72,23.99,24.39,92.2,5.72,8.86,93.3,0,23.37
260,2021-09-11T20:15:00-05:00,0.605,26.44,24.95,24.17,24.59,91,4.44,6.62,101.4,0,23.38
260,2021-09-11T20:00:00-05:00,1.041,26.46,25.18,24.45,24.79,90,4.87,7.96,75.6,0,23.42
260,2021-09-11T19:45:00-05:00,3.93,26.47,25.55,24.84,25.1,88.5,6.43,13.24,87.1,0,23.51
260,2021-09-11T19:30:00-05:00,12.84,26.49,25.82,25.19,25.38,87.7,7.92,12.02,119.7,0,23.63
260,2021-09-11T19:15:00-05:00,30.26,26.49,26.06,25.65,25.61,87.1,6.78,11.88,92,0,23.75
260,2021-09-11T19:00:00-05:00,59.13,26.49,26.31,25.99,25.81,85.9,7.07,11.64,90.7,0,23.76
260,2021-09-11T18:45:00-05:00,75.9,26.49,26.37,26.07,25.82,85.3,8.39,13.71,92.1,0,23.71
260,2021-09-11T18:30:00-05:00,108,26.48,26.63,26.57,25.95,84,9.24,13.89,95.2,0,23.71
260,2021-09-11T18:15:00-05:00,214.8,26.47,26.71,26.95,25.91,82.3,9.97,16.99,78.9,0,23.44
260,2021-09-11T18:00:00-05:00,270.3,26.46,26.44,26.72,25.69,82.1,8.64,16.99,95.1,0,23.14
260,2021-09-11T17:45:00-05:00,169.5,26.44,26.12,26.12,25.41,82,11.54,21.24,91,0,22.81
260,2021-09-11T17:30:00-05:00,304.3,26.42,26.62,26.77,25.77,81.2,14.68,23.75,103.1,0,23.13
260,2021-09-11T17:15:00-05:00,314.8,26.39,26.45,26.53,25.71,81.6,12.38,20.95,93.4,0,23.05
260,2021-09-11T17:00:00-05:00,180.2,26.34,26.05,25.86,25.4,81.8,17.25,31.17,92.1,0,22.7
260,2021-09-11T16:45:00-05:00,143.9,26.28,26.84,26.56,26.16,81,20.07,34.55,93.9,0,23.31
260,2021-09-11T16:30:00-05:00,190.6,26.22,28.45,28.34,27.72,79.5,13.55,24.8,91.7,0,24.56
260,2021-09-11T16:15:00-05:00,478.7,26.16,29.06,29.49,28.03,77.7,14.55,24.83,91.4,0,24.77
260,2021-09-11T16:00:00-05:00,649.6,26.12,28.88,29.45,27.83,79.3,14.08,22.1,90.7,0,24.94
260,2021-09-11T15:45:00-05:00,633.1,26.1,28.29,28.95,27.25,81.9,12.07,21.53,91.1,0,24.9
260,2021-09-11T15:30:00-05:00,444.5,26.06,27.19,27.54,26.41,84,9.55,15.45,94.4,0,24.25
260,2021-09-11T15:15:00-05:00,314.2,26.02,26.12,26.3,25.56,86,8.49,14,86.1,0,23.6
260,2021-09-11T15:00:00-05:00,191.3,25.97,25.76,25.56,25.27,84.4,12.52,22.93,87.3,0,22.93
260,2021-09-11T14:45:00-05:00,113.5,25.91,27.06,26.92,26.44,81.3,13.49,27.21,109.8,0,23.58
260,2021-09-11T14:30:00-05:00,346.1,25.85,28.68,28.88,27.85,78.4,14.93,24.37,84.5,0,24.55
260,2021-09-11T14:15:00-05:00,481.5,25.8,28.57,28.78,27.76,78.6,13.23,22.47,78.7,0,24.49
260,2021-09-11T14:00:00-05:00,358.2,25.74,28.33,28.51,27.55,79.2,13.94,24.33,91.1,0,24.38
260,2021-09-11T13:45:00-05:00,412.9,25.7,28.36,28.67,27.55,80,11.52,19.12,94.4,0,24.58
260,2021-09-11T13:30:00-05:00,428,25.66,28.15,28.39,27.32,79.5,13.74,22,90.1,0,24.27
260,2021-09-11T13:15:00-05:00,410.1,25.62,28.07,28.35,27.27,81.5,10.49,21.68,82.3,0,24.61
260,2021-09-11T13:00:00-05:00,254.8,25.59,27.63,27.65,26.97,81.8,10.01,16.45,93.5,0,24.24
260,2021-09-11T12:45:00-05:00,230.7,25.55,27.59,27.7,26.92,81.8,9.84,15.77,94.1,0,24.2
260,2021-09-11T12:30:00-05:00,321.5,25.52,27.6,27.78,26.86,82,11,17.14,85.5,0,24.25
260,2021-09-11T12:15:00-05:00,247.1,25.49,27.36,27.48,26.72,82.5,8.47,15.37,92.5,0,24.12
260,2021-09-11T12:00:00-05:00,198.9,25.45,27.11,27.11,26.53,83,8,13.39,98.6,0,23.98
260,2021-09-11T11:45:00-05:00,145.8,25.41,26.96,26.84,26.44,82.9,9.07,14.76,89.8,0,23.81
260,2021-09-11T11:30:00-05:00,178,25.38,27.04,26.92,26.47,82.9,9.72,16.59,97.3,0,23.89
260,2021-09-11T11:15:00-05:00,234.4,25.34,27.06,27.02,26.44,82.7,12.92,19.33,99.6,0,23.87
260,2021-09-11T11:00:00-05:00,294.8,25.31,27.1,27.26,26.4,83.9,10.93,19.04,96.8,0,24.15
260,2021-09-11T10:45:00-05:00,320.4,25.29,26.82,26.99,26.1,85.4,10.06,16.06,103.3,0,24.17
260,2021-09-11T10:30:00-05:00,285.7,25.27,26.43,26.51,25.72,86.8,9.37,16.99,96.4,0,24.05
260,2021-09-11T10:15:00-05:00,287.2,25.26,25.92,26.02,25.27,88.8,11.15,17.67,102.9,0,23.93
260,2021-09-11T10:00:00-05:00,219.2,25.25,25.49,25.42,24.91,90.4,10.67,18.72,98.5,0,23.8
260,2021-09-11T09:45:00-05:00,212.8,25.25,25.12,25.22,24.6,92.4,8.36,14.79,92.4,0,23.8
260,2021-09-11T09:30:00-05:00,209.8,25.25,24.54,24.74,24.12,94.5,6.82,10.8,78.6,0,23.6
260,2021-09-11T09:15:00-05:00,161,25.26,24.01,24.11,23.61,95.7,5.88,9.43,73.3,0,23.28
260,2021-09-11T09:00:00-05:00,122.8,25.28,23.47,23.53,23.12,96.1,4.23,7.16,56.16,0,22.81
260,2021-09-11T08:45:00-05:00,100.9,25.29,23.17,23.13,22.8,96.3,5.29,8.96,63.33,0,22.55
260,2021-09-11T08:30:00-05:00,76.1,25.32,22.9,22.78,22.56,96.5,4.16,9.72,82.1,0,22.31
260,2021-09-11T08:15:00-05:00,50.85,25.34,22.62,22.39,22.28,96.6,4.24,9.04,53.54,0,22.05
260,2021-09-11T08:00:00-05:00,29.58,25.37,22.51,22.18,22.17,96.6,3.68,6.44,39.59,0,21.94
260,2021-09-11T07:45:00-05:00,17.44,25.4,22.34,21.91,22.01,96.6,3.22,5.94,38.35,0,21.77
260,2021-09-11T07:30:00-05:00,5.62,25.43,22.34,21.81,22.07,96.6,2.51,4.46,28.51,0,21.77
260,2021-09-11T07:15:00-05:00,1.205,25.46,22.4,21.85,22.13,96.6,3.07,5.65,55.41,0,21.83
260,2021-09-11T07:00:00-05:00,0.624,25.49,22.37,21.79,22.15,96.6,2.39,4.5,71.7,0,21.8
260,2021-09-11T06:45:00-05:00,0.597,25.52,22.4,21.76,22.17,96.5,2.75,5.18,67.99,0,21.82
260,2021-09-11T06:30:00-05:00,0.589,25.55,22.51,21.81,22.22,96.5,1.74,2.56,102.5,0,21.93
260,2021-09-11T06:15:00-05:00,0.594,25.58,22.57,21.97,22.24,96.5,1.75,3.67,67.73,0,21.99
260,2021-09-11T06:00:00-05:00,0.589,25.61,22.57,22.03,22.21,96.5,2.38,4.28,49.36,0,21.99
260,2021-09-11T05:45:00-05:00,0.587,25.64,22.65,22.18,22.26,96.4,3.24,6.91,32.23,0,22.05
260,2021-09-11T05:30:00-05:00,0.589,25.67,22.71,22.24,22.32,96.4,3.08,6.12,53.94,0,22.11
260,2021-09-11T05:15:00-05:00,0.591,25.7,22.76,22.3,22.36,96.4,3.45,6.23,54.58,0,22.16
260,2021-09-11T05:00:00-05:00,0.592,25.73,22.77,22.33,22.4,96.4,4.35,8.5,41.58,0,22.17
260,2021-09-11T04:45:00-05:00,0.588,25.77,22.82,22.39,22.44,96.4,4.92,8.39,44.95,0,22.22
260,2021-09-11T04:30:00-05:00,0.588,25.81,22.83,22.33,22.45,96.4,4.07,7.06,52.96,0,22.23
260,2021-09-11T04:15:00-05:00,0.589,25.84,22.9,22.36,22.52,96.3,3.27,5.8,58.27,0,22.28
260,2021-09-11T04:00:00-05:00,0.586,25.88,23,22.45,22.57,96.3,3.06,6.05,61.64,0,22.38
260,2021-09-11T03:45:00-05:00,0.587,25.92,23.06,22.52,22.63,96.2,3.38,5.83,49.14,0,22.42
260,2021-09-11T03:30:00-05:00,0.586,25.96,23.13,22.54,22.73,96.2,3.37,7.42,39.34,0,22.49
260,2021-09-11T03:15:00-05:00,0.585,26,23.21,22.53,22.91,96.1,3.91,6.7,37.66,0,22.55
260,2021-09-11T03:00:00-05:00,0.585,26.04,23.21,22.52,22.91,96,3.76,6.52,59.09,0,22.54
260,2021-09-11T02:45:00-05:00,0.585,26.07,23.12,22.31,22.9,95.9,3.4,5.4,52.49,0,22.43
260,2021-09-11T02:30:00-05:00,0.585,26.11,23.32,22.52,23.01,95.7,2.62,4.25,21.62,0,22.59
260,2021-09-11T02:15:00-05:00,0.585,26.14,23.53,22.76,23.14,95.5,2.35,4,58.35,0,22.77
260,2021-09-11T02:00:00-05:00,0.586,26.18,23.71,22.98,23.3,95.4,1.67,2.74,50.45,0,22.93
260,2021-09-11T01:45:00-05:00,0.585,26.22,23.86,23.31,23.42,95.2,2.52,4.79,42.96,0,23.05
260,2021-09-11T01:30:00-05:00,0.587,26.25,23.98,23.47,23.52,95,4.49,6.05,76.2,0,23.13
260,2021-09-11T01:15:00-05:00,0.586,26.28,24.07,23.52,23.61,94.8,2.88,4.46,81.1,0,23.18
260,2021-09-11T01:00:00-05:00,0.587,26.31,24.17,23.66,23.69,94.6,2.94,4.86,87.4,0,23.25
260,2021-09-11T00:45:00-05:00,0.587,26.35,24.18,23.65,23.73,94.4,3.06,6.01,111.6,0,23.22
260,2021-09-11T00:30:00-05:00,0.593,26.38,24.23,23.73,23.78,94.2,4.75,11.67,84.1,0,23.24
260,2021-09-11T00:15:00-05:00,0.594,26.42,24.33,23.86,23.85,94,6.61,10.44,90.1,0,23.3
260,2021-09-11T00:00:00-05:00,0.595,26.46,24.34,23.88,23.87,94,5.53,7.42,101.9,0,23.31
260,2021-09-10T23:45:00-05:00,0.594,26.5,24.33,23.86,23.87,93.9,4.89,8.64,95.5,0,23.28
260,2021-09-10T23:30:00-05:00,0.595,26.55,24.35,23.9,23.88,93.8,5.19,8.46,90.9,0,23.29
260,2021-09-10T23:15:00-05:00,0.59,26.59,24.27,23.77,23.82,93.8,2.99,5.87,91.4,0,23.21
260,2021-09-10T23:00:00-05:00,0.589,26.64,24.17,23.65,23.73,93.6,4.41,6.26,78.9,0,23.07
260,2021-09-10T22:45:00-05:00,0.588,26.69,24.17,23.61,23.77,93.3,4.71,6.62,71,0,23.02
260,2021-09-10T22:30:00-05:00,0.588,26.74,24.23,23.61,23.87,93,5.1,7.78,90.4,0,23.03
260,2021-09-10T22:15:00-05:00,0.59,26.79,24.31,23.64,23.94,92.4,4.76,6.62,71.6,0,23
260,2021-09-10T22:00:00-05:00,0.591,26.84,24.49,23.8,24.13,91.8,5.58,9.14,98.6,0,23.07
260,2021-09-10T21:45:00-05:00,0.595,26.89,24.62,23.92,24.24,91,6.23,9.32,78.8,0,23.05
260,2021-09-10T21:30:00-05:00,0.599,26.94,24.82,24.13,24.43,90.2,6.98,11.49,88.8,0,23.11
260,2021-09-10T21:15:00-05:00,0.612,27,24.95,24.26,24.56,89.7,7.13,10.98,79.7,0,23.14
260,2021-09-10T21:00:00-05:00,0.617,27.05,25.06,24.36,24.67,89.1,8.18,13.79,82.4,0,23.14
260,2021-09-10T20:45:00-05:00,0.632,27.09,25.16,24.44,24.77,88.7,7.88,14.4,83,0,23.16
260,2021-09-10T20:30:00-05:00,0.666,27.14,25.33,24.6,24.94,88.1,7.07,11.88,81.6,0,23.22
260,2021-09-10T20:15:00-05:00,0.696,27.19,25.52,24.81,25.11,87.5,6.89,10.44,105.8,0,23.29
260,2021-09-10T20:00:00-05:00,1.562,27.24,25.72,25.05,25.28,86.9,7.27,16.24,115,0,23.38
260,2021-09-10T19:45:00-05:00,3.073,27.28,25.89,25.24,25.47,86.1,8.73,14.32,103.6,0,23.39
260,2021-09-10T19:30:00-05:00,5.11,27.31,26.02,25.34,25.63,85.4,11.38,20.2,101.5,0,23.38
260,2021-09-10T19:15:00-05:00,9.99,27.34,26.21,25.6,25.81,84.4,13.36,26.25,91.4,0,23.37
260,2021-09-10T19:00:00-05:00,13.12,27.36,26.58,26.03,26.1,82.9,14.42,27.47,87.8,0,23.44
260,2021-09-10T18:45:00-05:00,26.63,27.37,26.81,26.32,26.35,81.7,13.57,29.13,89.6,0,23.42
260,2021-09-10T18:30:00-05:00,36.87,27.37,26.95,26.55,26.49,82.2,13.31,24.91,86.6,0,23.66
260,2021-09-10T18:15:00-05:00,81.4,27.36,27.33,27.09,26.8,80.2,11.99,21.28,76.2,0,23.62
260,2021-09-10T18:00:00-05:00,203.8,27.34,28.01,28.03,27.42,77.8,12.23,24.04,68.57,0,23.78
260,2021-09-10T17:45:00-05:00,151.4,27.32,27.95,27.78,27.37,77.2,11.02,18.04,50.53,0,23.59
260,2021-09-10T17:30:00-05:00,297.2,27.3,29.19,29.38,28.44,72.8,14.98,26.89,61.28,0,23.81
260,2021-09-10T17:15:00-05:00,439,27.26,29.26,29.63,28.45,74.6,12.73,19.51,77.4,0,24.29
260,2021-09-10T17:00:00-05:00,198.8,27.22,28.61,28.59,27.98,76.6,12.87,21.74,75.7,0,24.1
260,2021-09-10T16:45:00-05:00,342,27.17,28.53,28.73,27.71,78.2,11.75,22.24,104.3,0,24.37
260,2021-09-10T16:30:00-05:00,436.4,27.11,29.82,30.13,28.82,73.8,14.77,24.22,94.4,0,24.65
260,2021-09-10T16:15:00-05:00,314.5,27.04,30.87,31.26,30.13,66.84,7.28,15.08,30.43,0,24
260,2021-09-10T16:00:00-05:00,327.4,26.96,30.51,30.67,29.86,69.25,7.73,16.56,36.76,0,24.24
260,2021-09-10T15:45:00-05:00,233.2,26.87,30.64,30.76,29.95,67.44,8.28,14.44,66.18,0,23.93
260,2021-09-10T15:30:00-05:00,535.9,26.78,31.82,32.78,30.97,63.65,6.23,11.7,82.4,0,24.08
260,2021-09-10T15:15:00-05:00,531.8,26.68,31.44,31.86,30.85,62.64,3.11,6.98,316.1,0,23.46
260,2021-09-10T15:00:00-05:00,255.3,26.56,30.9,31.2,30.12,64.34,4.88,10.08,345.5,0,23.39
260,2021-09-10T14:45:00-05:00,565.3,26.44,31.49,32.27,30.57,63.58,6.45,13.42,356.7,0,23.75
260,2021-09-10T14:30:00-05:00,720,26.32,31.45,32.34,30.87,63.88,3.11,11.56,103.1,0,23.79
260,2021-09-10T14:15:00-05:00,829,26.2,31.12,31.83,29.8,68.47,9.45,14.98,298.7,0,24.64
260,2021-09-10T14:00:00-05:00,794,26.08,30.76,31.31,29.8,68.35,6.7,16.99,286.1,0,24.27
260,2021-09-10T13:45:00-05:00,325.5,25.95,30.05,30.4,29.13,70.4,7.43,11.84,319.1,0,24.08
260,2021-09-10T13:30:00-05:00,708,25.82,31.09,32.11,30.13,67.36,4.68,10.37,286,0,24.34
260,2021-09-10T13:15:00-05:00,808,25.7,30.47,31.61,29.44,67.96,5.63,11.59,58.33,0,23.89
260,2021-09-10T13:00:00-05:00,785,25.59,30.24,31.25,29.45,71.2,4.52,12.42,80.3,0,24.45
260,2021-09-10T12:45:00-05:00,575.3,25.48,29.65,30.64,28.84,72,5.16,11.76,43.81,0,24.07
260,2021-09-10T12:30:00-05:00,743,25.39,29.88,31.39,28.91,73.2,4.25,9.54,168.2,0,24.57
260,2021-09-10T12:15:00-05:00,740,25.3,29.14,30.18,28.22,76,5.25,11.91,71.8,0,24.48
260,2021-09-10T12:00:00-05:00,584.2,25.23,28.93,29.86,28.09,76.9,5.49,12.39,102.9,0,24.47
260,2021-09-10T11:45:00-05:00,674.8,25.15,28.94,30.06,27.85,77.2,6.89,13.5,42.21,0,24.55
260,2021-09-10T11:30:00-05:00,499.4,25.09,28.39,29.35,27.54,78.2,4.22,11.7,118.8,0,24.23
260,2021-09-10T11:15:00-05:00,405.4,25.03,28.18,29.09,27.33,77.4,4.15,8.75,120.9,0,23.86
260,2021-09-10T11:00:00-05:00,429.4,24.97,27.9,28.79,27.08,77.7,4.19,7.96,143.6,0,23.65
260,2021-09-10T10:45:00-05:00,432.6,24.93,27.54,28.48,26.83,78,4.57,7.92,142,0,23.36
260,2021-09-10T10:30:00-05:00,497.2,24.89,27.28,28.24,26.5,79.2,4.2,8.32,100.6,0,23.36
260,2021-09-10T10:15:00-05:00,477,24.87,26.74,27.54,25.85,82.2,5.62,9.94,91,0,23.45
260,2021-09-10T10:00:00-05:00,430,24.86,26.25,27.03,25.52,84.5,6.27,10.69,101.7,0,23.43
260,2021-09-10T09:45:00-05:00,380.2,24.85,25.81,26.69,25.28,88.7,4.35,8.14,96.5,0,23.8
260,2021-09-10T09:30:00-05:00,386.8,24.85,24.97,26.04,24.97,95.1,4.04,7.81,110.4,0,24.13
260,2021-09-10T09:15:00-05:00,212.6,24.85,23.97,24.64,24.33,96.2,1.83,5.69,92.8,0,23.33
260,2021-09-10T09:00:00-05:00,122.9,24.86,23.65,24.06,23.75,96.5,1.1,2.99,61.81,0,23.06
260,2021-09-10T08:45:00-05:00,97.1,24.87,23.53,23.73,23.39,96.8,2.34,5.54,21.8,0,22.99
260,2021-09-10T08:30:00-05:00,93.4,24.88,23.37,23.4,23.07,96.9,2.4,4.39,14.72,0,22.85
260,2021-09-10T08:15:00-05:00,55.96,24.9,23.16,22.98,22.77,97,1.89,5.29,336.3,0,22.66
260,2021-09-10T08:00:00-05:00,31.76,24.91,23.01,22.63,22.59,97,1.17,3.06,29.69,0,22.51
260,2021-09-10T07:45:00-05:00,15.69,24.93,22.9,22.38,22.53,97,3.21,5.15,1.747,0,22.4
260,2021-09-10T07:30:00-05:00,5.328,24.94,22.95,22.35,22.57,97,0.81,1.8,353.7,0,22.45
260,2021-09-10T07:15:00-05:00,1.624,24.96,23.07,22.48,22.68,97,1.67,2.27,53.18,0,22.57
260,2021-09-10T07:00:00-05:00,0.642,24.97,23.11,22.55,22.76,97,1.87,3.31,12.29,0,22.61
260,2021-09-10T06:45:00-05:00,0.588,24.99,23.18,22.71,22.81,97,1.74,4.18,306.2,0,22.68
260,2021-09-10T06:30:00-05:00,0.589,25.01,23.28,22.86,22.9,97,4.61,7.16,155.8,0,22.78
260,2021-09-10T06:15:00-05:00,0.588,25.02,23.27,22.8,22.88,97,7.42,14.65,186.5,0,22.77
260,2021-09-10T06:00:00-05:00,0.589,25.04,23.15,22.62,22.77,97,2.06,3.31,216.9,0,22.65
260,2021-09-10T05:45:00-05:00,0.586,25.06,23.11,22.51,22.71,97,1.13,2.99,299.1,0,22.61
260,2021-09-10T05:30:00-05:00,0.588,25.08,22.94,22.39,22.61,96.9,1.13,2.59,336.4,0,22.42
260,2021-09-10T05:15:00-05:00,0.587,25.1,23.03,22.43,22.66,96.9,2.09,3.49,352.6,0,22.51
260,2021-09-10T05:00:00-05:00,0.586,25.11,23.05,22.44,22.62,96.9,1.55,2.63,219.4,0,22.53
260,2021-09-10T04:45:00-05:00,0.588,25.14,23.12,22.52,22.64,96.9,0.76,1.69,330.7,0,22.6
260,2021-09-10T04:30:00-05:00,0.587,25.16,23.1,22.52,22.72,96.9,1.77,2.7,180.9,0,22.58
260,2021-09-10T04:15:00-05:00,0.586,25.19,23.05,22.43,22.8,96.8,1.16,2.16,249.1,0,22.51
260,2021-09-10T04:00:00-05:00,0.587,25.21,23.11,22.43,22.9,96.9,1.9,4.39,24.65,0,22.59
260,2021-09-10T03:45:00-05:00,0.586,25.24,23.08,22.33,22.81,96.8,1.86,2.81,5.115,0.01,22.54
260,2021-09-10T03:30:00-05:00,0.589,25.26,23.07,22.36,22.81,96.8,1.23,2.09,206.4,0,22.53
260,2021-09-10T03:15:00-05:00,0.585,25.29,23.14,22.39,22.96,96.7,1.92,3.13,170.8,0,22.59
260,2021-09-10T03:00:00-05:00,0.585,25.31,23.22,22.5,23.13,96.7,2.66,4.64,338.8,0,22.67
260,2021-09-10T02:45:00-05:00,0.585,25.34,23.19,22.34,23.09,96.7,2.62,4.57,353.1,0,22.64
260,2021-09-10T02:30:00-05:00,0.586,25.37,23.38,22.49,23.07,96.7,1.01,2.41,315.7,0,22.83
260,2021-09-10T02:15:00-05:00,0.586,25.4,23.47,22.6,23.18,96.7,2,3.46,185.5,0,22.92
260,2021-09-10T02:00:00-05:00,0.586,25.42,23.53,22.83,23.21,96.6,2.01,3.67,246.5,0,22.96
260,2021-09-10T01:45:00-05:00,0.585,25.45,23.66,22.95,23.27,96.6,3.31,5.22,263.8,0,23.09
260,2021-09-10T01:30:00-05:00,0.585,25.48,23.58,22.61,23.34,96.6,2.65,4.68,269.1,0,23.01
260,2021-09-10T01:15:00-05:00,0.586,25.51,23.7,22.5,23.38,96.5,2.02,3.82,229.5,0,23.11
260,2021-09-10T01:00:00-05:00,0.585,25.54,23.8,22.63,23.46,96.5,2.39,4.72,230.7,0,23.21
260,2021-09-10T00:45:00-05:00,0.585,25.56,23.83,22.87,23.53,96.5,2.48,4.64,197.1,0,23.24
260,2021-09-10T00:30:00-05:00,0.585,25.59,23.91,22.96,23.6,96.4,2.43,4.46,237.9,0,23.3
260,2021-09-10T00:15:00-05:00,0.585,25.62,24,23.29,23.75,96.3,3.9,5.65,224.3,0,23.37
260,2021-09-10T00:00:00-05:00,0.585,25.65,24.1,23.38,23.73,96.3,2.97,5.62,252.1,0,23.47
260,2021-09-09T23:45:00-05:00,0.587,25.67,24.13,23.44,23.85,96.3,3.68,5.51,199.3,0,23.5
260,2021-09-09T23:30:00-05:00,0.585,25.7,24.2,23.57,23.98,96.2,4.02,5.98,239.2,0,23.56
260,2021-09-09T23:15:00-05:00,0.585,25.73,24.19,23.52,24.01,96.2,4.27,7.34,253,0,23.55
260,2021-09-09T23:00:00-05:00,0.585,25.76,24.04,23.25,23.96,96.1,5.76,7.74,226.3,0,23.38
260,2021-09-09T22:45:00-05:00,0.585,25.79,24.15,23.34,24.03,96,4.02,5.65,218.5,0,23.47
260,2021-09-09T22:30:00-05:00,0.585,25.82,24.12,23.38,24.09,95.9,5.69,8.14,221.7,0,23.42
260,2021-09-09T22:15:00-05:00,0.585,25.85,24.17,23.48,24.03,95.6,4.64,6.59,200.4,0,23.42
260,2021-09-09T22:00:00-05:00,0.585,25.87,24.47,23.68,24.23,95.4,4.56,6.12,203.5,0,23.69
260,2021-09-09T21:45:00-05:00,0.585,25.89,24.69,23.73,24.32,95.2,2.6,4.39,243,0,23.87
260,2021-09-09T21:30:00-05:00,0.585,25.92,24.84,24.06,24.42,94.9,2.35,3.17,282.1,0,23.97
260,2021-09-09T21:15:00-05:00,0.585,25.94,25.02,24.36,24.67,94.8,3.79,6.52,262.5,0,24.13
260,2021-09-09T21:00:00-05:00,0.585,25.96,24.97,24.31,24.68,94.8,4.87,7.42,255.3,0,24.08
260,2021-09-09T20:45:00-05:00,0.585,25.98,24.92,24.24,24.66,94.7,4.53,7.6,251.4,0,24.01
260,2021-09-09T20:30:00-05:00,0.585,26,24.91,24.25,24.64,94.3,5.19,8.24,228.3,0,23.93
260,2021-09-09T20:15:00-05:00,0.585,26.01,25,24.42,24.86,94.4,8.25,14.11,230.8,0,24.04
260,2021-09-09T20:00:00-05:00,0.984,26.02,24.38,23.8,24.35,94.6,6.55,12.13,237.7,0,23.46
260,2021-09-09T19:45:00-05:00,3.875,26.03,24.13,23.75,23.53,93.8,3.37,9.22,205.5,0,23.07
260,2021-09-09T19:30:00-05:00,28.83,26.02,24.29,24.16,23.79,93,4.88,7.13,202.2,0,23.09
260,2021-09-09T19:15:00-05:00,89.7,26.02,24.33,24.42,23.79,91.1,3.86,7.67,234.8,0,22.78
260,2021-09-09T19:00:00-05:00,153.3,26.02,24.49,24.21,24.08,86.9,7.4,16.06,212.8,0,22.17
260,2021-09-09T18:45:00-05:00,80.2,25.99,26.46,25.89,25.99,85.2,15.58,39.85,239.5,0,23.77
260,2021-09-09T18:30:00-05:00,32.03,25.97,27.99,27.43,27.58,83,5.18,8.89,265.1,0,24.84
260,2021-09-09T18:15:00-05:00,32.71,25.94,28.82,28.4,28.25,79.6,8.7,16.13,288.2,0,24.94
260,2021-09-09T18:00:00-05:00,199.8,25.9,29.26,29.22,28.55,80.4,7.28,12.67,297.1,0,25.54
260,2021-09-09T17:45:00-05:00,117.5,25.87,29.17,29.02,28.48,79,9.39,17.14,270.1,0,25.16
260,2021-09-09T17:30:00-05:00,223,25.83,29.32,29.5,28.48,79.1,8.27,14.5,275.7,0,25.32
260,2021-09-09T17:15:00-05:00,400.9,25.79,29.77,30.27,28.77,78,9.16,16.38,258.6,0,25.52
260,2021-09-09T17:00:00-05:00,458.9,25.75,29.56,30.01,28.39,79.3,11.65,18.97,249.9,0,25.6
260,2021-09-09T16:45:00-05:00,465.8,25.72,29.5,29.86,28.38,79.5,12.65,22.47,261.5,0,25.58
260,2021-09-09T16:30:00-05:00,495.5,25.68,28.99,29.21,27.98,81.3,12.92,22.29,279,0,25.46
260,2021-09-09T16:15:00-05:00,316.2,25.66,28.29,28.31,27.47,83.5,11.18,19.09,263.1,0,25.23
260,2021-09-09T16:00:00-05:00,306.4,25.63,28.01,28.1,27.14,84.3,13.02,24.22,261.4,0.01,25.12
260,2021-09-09T15:45:00-05:00,336.2,25.61,27.85,28.01,26.99,84.4,11.13,21.36,250.4,0,24.98
260,2021-09-09T15:30:00-05:00,284.1,25.61,27.7,27.78,26.9,84.6,10.98,20.31,253.2,0,24.87
260,2021-09-09T15:15:00-05:00,243.9,25.54,27.67,27.71,26.84,83.8,10.64,18.57,248.3,0,24.68
260,2021-09-09T15:00:00-05:00,306.8,25.51,27.65,27.73,26.8,83.8,11.36,18.68,246.2,0,24.66
260,2021-09-09T14:45:00-05:00,241.8,25.47,27.39,27.37,26.62,85,10.56,18.48,240.8,0,24.65
260,2021-09-09T14:30:00-05:00,149,25.42,27.18,27.01,26.53,85.1,8.52,12.63,233,0,24.46
260,2021-09-09T14:15:00-05:00,130.3,25.37,27.23,27.02,26.57,84.7,7.47,12.25,243.9,0,24.43
260,2021-09-09T14:00:00-05:00,125.8,25.3,27.37,27.15,26.7,83.4,8.16,12.42,239.6,0,24.31
260,2021-09-09T13:45:00-05:00,163.7,25.24,27.75,27.6,27.02,81.8,10.96,21.36,256.8,0,24.36
260,2021-09-09T13:30:00-05:00,485.2,25.18,28.35,28.51,27.28,79.9,13.55,27.44,254.6,0,24.55
260,2021-09-09T13:15:00-05:00,617.2,25.12,28.27,28.63,27.13,80,12.7,22.82,257.5,0,24.49
260,2021-09-09T13:00:00-05:00,403,25.08,27.67,27.91,26.76,80.9,12.18,21.97,263.1,0,24.1
260,2021-09-09T12:45:00-05:00,464.7,25.03,27.53,27.92,26.61,82,11.27,20.99,254.2,0,24.18
260,2021-09-09T12:30:00-05:00,388,24.99,26.73,26.82,26.02,83.4,9.99,18.25,260.3,0,23.68
260,2021-09-09T12:15:00-05:00,351.8,24.95,26.78,27.03,25.89,83.3,10.7,18.72,268.6,0,23.71
260,2021-09-09T12:00:00-05:00,403.4,24.91,26.25,26.37,25.55,84.4,11.94,17.78,274.1,0,23.41
260,2021-09-09T11:45:00-05:00,288.9,24.88,26.09,26.25,25.4,83.9,12.92,21.02,270.9,0,23.16
260,2021-09-09T11:30:00-05:00,526.1,24.86,26.36,26.76,25.49,86.3,11.54,18.33,278.4,0,23.89
260,2021-09-09T11:15:00-05:00,300,24.85,25.74,25.93,25.08,88.2,8.96,18.36,271.6,0,23.64
260,2021-09-09T11:00:00-05:00,389.2,24.84,25.74,26.05,24.95,87.5,12.71,26.63,275.3,0,23.51
260,2021-09-09T10:45:00-05:00,536.8,24.84,25.26,25.51,24.49,90.4,12.39,19.04,283.6,0,23.58
260,2021-09-09T10:30:00-05:00,157.4,24.84,24.39,24.31,23.88,92.4,9.04,14.37,285.4,0,23.08
260,2021-09-09T10:15:00-05:00,141.4,24.85,24.23,24.1,23.75,92.3,12.05,18.75,284.1,0,22.9
260,2021-09-09T10:00:00-05:00,196,24.85,24.12,24.09,23.61,93.4,9.41,17.11,276.9,0,22.99
260,2021-09-09T09:45:00-05:00,98,24.86,23.75,23.6,23.34,93.9,10.57,16.96,279.2,0,22.71
260,2021-09-09T09:30:00-05:00,152.8,24.88,23.82,23.86,23.38,94.7,10.97,19.7,279.4,0,22.92
260,2021-09-09T09:15:00-05:00,99.3,24.89,23.46,23.31,23.1,95.2,10.64,18.43,283.8,0,22.65
260,2021-09-09T09:00:00-05:00,60.9,24.9,23.44,23.25,23.14,95.3,12.17,21.13,289.1,0,22.65
260,2021-09-09T08:45:00-05:00,32.47,24.92,23.51,23.28,23.17,95.5,10.11,18.28,276.1,0,22.75
260,2021-09-09T08:30:00-05:00,39.22,24.94,23.59,23.43,23.21,95.5,9.65,16.99,257.7,0,22.83
260,2021-09-09T08:15:00-05:00,92.7,24.96,23.59,23.56,23.25,95.6,10.84,19.26,243,0,22.85
260,2021-09-09T08:00:00-05:00,88.3,24.98,23.45,23.31,23.1,95.8,8.33,14.79,252.1,0,22.74
260,2021-09-09T07:45:00-05:00,30.91,25,23.3,22.93,22.95,95.9,9.26,15.13,252.3,0,22.61
260,2021-09-09T07:30:00-05:00,6.428,25.02,23.28,22.83,22.93,95.9,11,17.38,237.9,0,22.59
260,2021-09-09T07:15:00-05:00,1.661,25.04,23.34,22.88,22.95,95.9,10.68,16.5,231.4,0,22.65
260,2021-09-09T07:00:00-05:00,0.614,25.06,23.4,22.96,23.02,95.8,11.15,18.94,239.5,0,22.69
260,2021-09-09T06:45:00-05:00,0.585,25.09,23.47,23.06,23.15,95.9,13.92,26.68,243.2,0,22.78
260,2021-09-09T06:30:00-05:00,0.585,25.11,23.36,22.95,22.95,95.9,10.02,18.28,233.1,0,22.67
260,2021-09-09T06:15:00-05:00,0.585,25.13,23.35,22.91,22.96,95.9,10.5,18.28,227.6,0,22.66
260,2021-09-09T06:00:00-05:00,0.584,25.16,23.4,22.95,23.01,95.9,9.78,18.25,227.1,0,22.71
260,2021-09-09T05:45:00-05:00,0.583,25.19,23.44,23.01,23.05,95.9,11.6,19.7,217.7,0,22.75
260,2021-09-09T05:30:00-05:00,0.585,25.22,23.44,23,23.03,95.8,11.81,19.23,227,0.01,22.73
260,2021-09-09T05:15:00-05:00,0.583,25.24,23.46,23.02,23.08,95.8,13.13,22.32,228.8,0,22.75
260,2021-09-09T05:00:00-05:00,0.585,25.27,23.52,23.07,23.11,95.8,12.3,24.48,226.6,0,22.81
260,2021-09-09T04:45:00-05:00,0.585,25.3,23.52,23.11,23.14,95.8,14.03,24.8,232,0.01,22.81
260,2021-09-09T04:30:00-05:00,0.585,25.33,23.55,23.09,23.14,95.8,11.6,20.02,208,0,22.84
260,2021-09-09T04:15:00-05:00,0.585,25.35,23.65,23.23,23.21,95.7,11.56,19.18,211.6,0,22.92
260,2021-09-09T04:00:00-05:00,0.585,25.38,23.79,23.35,23.31,95.5,10.77,20.55,232.1,0.04,23.03
260,2021-09-09T03:45:00-05:00,0.585,25.41,23.83,23.4,23.38,95.4,11.76,22.24,216.1,0.01,23.05
260,2021-09-09T03:30:00-05:00,0.585,25.44,23.85,23.38,23.42,95.3,11.07,20.49,183,0,23.05
260,2021-09-09T03:15:00-05:00,0.585,25.48,23.85,23.37,23.47,95.3,10.92,18.07,195.1,0,23.05
260,2021-09-09T03:00:00-05:00,0.585,25.51,23.75,23.28,23.32,95.2,11.57,19.73,196,0.01,22.94
260,2021-09-09T02:45:00-05:00,0.585,25.54,23.81,23.37,23.37,95,9.77,17.32,182.8,0.05,22.96
260,2021-09-09T02:30:00-05:00,0.584,25.57,23.76,23.29,23.34,94.9,11.75,21.71,174.5,0,22.89
260,2021-09-09T02:15:00-05:00,0.585,25.6,23.75,23.29,23.34,94.9,10.81,22.14,175.9,0,22.88
260,2021-09-09T02:00:00-05:00,0.585,25.63,23.73,23.28,23.35,95,10.3,18.57,178.5,0,22.88
260,2021-09-09T01:45:00-05:00,0.585,25.66,23.74,23.29,23.36,95.2,10.83,23.51,174.6,0,22.93
260,2021-09-09T01:30:00-05:00,0.585,25.69,23.72,23.3,23.34,95.4,11.96,21.45,167.9,0,22.94
260,2021-09-09T01:15:00-05:00,0.585,25.72,23.71,23.29,23.35,95.7,10.93,19.01,172,0,22.98
260,2021-09-09T01:00:00-05:00,0.585,25.76,23.63,23.23,23.28,96,10.57,19.55,164.8,0,22.95
260,2021-09-09T00:45:00-05:00,0.585,25.8,23.56,23.15,23.14,96.2,10.2,18.43,154.5,0,22.92
260,2021-09-09T00:30:00-05:00,0.585,25.84,23.51,23.09,23.09,96.2,12.21,20.2,150.9,0,22.87
260,2021-09-09T00:15:00-05:00,0.584,25.88,23.41,23,23,96.2,11.13,18.97,148.3,0,22.77
260,2021-09-09T00:00:00-05:00,0.583,25.93,23.33,22.89,22.95,96.2,9.22,16.99,147.4,0,22.69
260,2021-09-08T23:45:00-05:00,0.584,25.98,23.34,22.92,22.96,96.2,6.44,10.62,158,0.01,22.7
260,2021-09-08T23:30:00-05:00,0.584,26.04,23.35,22.92,22.94,96.2,8.76,15.3,135.5,0,22.71
260,2021-09-08T23:15:00-05:00,0.584,26.11,23.51,23.07,23.09,96.1,11.01,18.65,122.4,0,22.85
260,2021-09-08T23:00:00-05:00,0.585,26.18,23.67,23.26,23.25,96,7.94,13.86,134.8,0.01,22.99
260,2021-09-08T22:45:00-05:00,0.584,26.25,23.73,23.31,23.4,95.9,8.71,13.21,130.6,0,23.04
260,2021-09-08T22:30:00-05:00,0.585,26.32,23.75,23.38,23.41,95.9,8.47,18.68,140.6,0,23.06
260,2021-09-08T22:15:00-05:00,0.585,26.38,23.85,23.44,23.31,95.8,7.45,14.98,147.1,0.26,23.14
260,2021-09-08T22:00:00-05:00,0.585,26.44,23.96,23.54,23.41,95.6,6.29,12.78,248.9,0.17,23.21
260,2021-09-08T21:45:00-05:00,0.585,26.5,24.01,23.55,23.5,95.3,4.72,8.1,135.3,0,23.21
260,2021-09-08T21:30:00-05:00,0.585,26.57,24.08,23.63,23.6,95.2,8.82,17.35,130.4,0,23.26
260,2021-09-08T21:15:00-05:00,0.586,26.64,24.11,23.62,23.68,95,10.64,16.16,124.4,0.01,23.26
260,2021-09-08T21:00:00-05:00,0.586,26.71,24.3,23.83,23.91,94.8,11.68,16.88,107.8,0,23.41
260,2021-09-08T20:45:00-05:00,0.587,26.76,24.59,24.12,24.26,94.9,13.21,19.09,108.4,0,23.72
260,2021-09-08T20:30:00-05:00,0.592,26.78,24.5,23.98,23.95,94.2,12.2,28.2,340,0.32,23.51
260,2021-09-08T20:15:00-05:00,0.646,26.81,25.05,24.46,24.52,93.3,2.76,11.76,71,0,23.89
260,2021-09-08T20:00:00-05:00,0.843,26.84,25.06,24.49,24.57,92.9,3.14,6.19,57.79,0,23.83
260,2021-09-08T19:45:00-05:00,2.105,26.87,25.27,24.7,24.74,92.2,5.44,7.88,85.1,0,23.91
260,2021-09-08T19:30:00-05:00,11.77,26.88,25.64,25.13,25.02,90.8,2.73,5,58.49,0,24.02
260,2021-09-08T19:15:00-05:00,23.19,26.9,25.7,25.32,25.11,90.6,3.91,6.73,75.6,0,24.05
260,2021-09-08T19:00:00-05:00,30.73,26.91,25.68,25.32,25.03,90.9,6.34,10.87,115,0,24.08
260,2021-09-08T18:45:00-05:00,36.56,26.91,26.08,25.81,25.4,89,10.76,16.27,136.5,0,24.13
260,2021-09-08T18:30:00-05:00,88.3,26.91,26.53,26.37,25.92,87.5,5.55,10.37,105.1,0,24.29
260,2021-09-08T18:15:00-05:00,120.2,26.91,26.62,26.64,25.95,87.7,5.3,11.99,155.9,0,24.41
260,2021-09-08T18:00:00-05:00,109.7,26.9,26.51,26.45,25.88,87.6,5.54,12.17,36.89,0,24.29
260,2021-09-08T17:45:00-05:00,113.1,26.88,26.2,26.29,25.59,89.5,4.1,9.07,48.77,0,24.34
260,2021-09-08T17:30:00-05:00,148.2,26.85,25.88,26.01,25.09,89.4,6.78,13.89,71.4,0,24
260,2021-09-08T17:15:00-05:00,115.7,26.81,26.08,26.05,25.4,87.7,7.9,20.26,99.7,0,23.88
260,2021-09-08T17:00:00-05:00,146.7,26.75,26.48,26.51,25.72,85.9,8.79,13.42,93.1,0,23.93
260,2021-09-08T16:45:00-05:00,135.3,26.68,26.79,26.95,26.11,85.1,5.72,9.22,112.4,0,24.08
260,2021-09-08T16:30:00-05:00,304.2,26.61,27.41,28.05,26.44,83.7,8.86,15.02,95.3,0,24.41
260,2021-09-08T16:15:00-05:00,527.1,26.55,28.16,28.88,26.96,81.8,11.49,19.12,115.2,0,24.76
260,2021-09-08T16:00:00-05:00,616.3,26.51,28.15,29.14,27.17,80,6.96,13.71,104.1,0,24.38
260,2021-09-08T15:45:00-05:00,666.2,26.46,26.89,27.9,25.98,83.5,5.08,8.32,86,0,23.86
260,2021-09-08T15:30:00-05:00,492.9,26.39,25.61,25.76,24.68,87.2,13.13,19.26,97.6,0,23.32
260,2021-09-08T15:15:00-05:00,233.8,26.31,27.61,27.61,26.8,84.4,11.38,28.94,99.1,0.02,24.74
260,2021-09-08T15:00:00-05:00,187.4,26.22,29.01,28.99,28.22,80.4,7.92,14.87,327.1,0,25.3
260,2021-09-08T14:45:00-05:00,331.9,26.14,29.89,30.21,28.85,77.6,8.49,17.57,347.1,0,25.55
260,2021-09-08T14:30:00-05:00,657.7,26.08,30.71,31.09,29.47,72.1,13.78,24.09,296.8,0,25.11
260,2021-09-08T14:15:00-05:00,801,26.02,30.53,30.98,29.35,74.2,12.15,20.08,293.4,0,25.42
260,2021-09-08T14:00:00-05:00,382.1,25.96,29.64,29.68,28.84,76.8,9.08,13.53,302.5,0,25.14
260,2021-09-08T13:45:00-05:00,325.2,25.89,29.89,30.04,29.1,74,7.66,12.34,283,0,24.76
260,2021-09-08T13:30:00-05:00,383.3,25.82,30.06,30.57,29.17,73.8,7.16,11.41,282.3,0,24.88
260,2021-09-08T13:15:00-05:00,396.5,25.73,29.37,29.64,28.47,73.6,7.72,11.38,177,0,24.17
260,2021-09-08T13:00:00-05:00,268.8,25.64,29.69,29.57,28.97,70.5,8.49,17.14,242.9,0,23.76
260,2021-09-08T12:45:00-05:00,302.1,25.54,30.01,30.09,29.14,72.7,9.79,18.86,257.6,0,24.58
260,2021-09-08T12:30:00-05:00,412.3,25.44,30.24,30.54,29.35,72.3,7.07,11.99,256.9,0,24.71
260,2021-09-08T12:15:00-05:00,577.3,25.34,30.54,31.2,29.55,71.4,8.75,15.98,248.1,0,24.78
260,2021-09-08T12:00:00-05:00,505.5,25.25,30.44,31.18,29.5,73,5.67,12.67,229,0,25.06
260,2021-09-08T11:45:00-05:00,515.8,25.17,30.26,31.03,29.25,75.9,4.41,9.76,199.8,0,25.54
260,2021-09-08T11:30:00-05:00,615,25.11,30.18,31.14,29.14,75.4,5.89,10.48,218.9,0,25.35
260,2021-09-08T11:15:00-05:00,548.8,25.04,29.52,30.12,28.61,79,5.93,11.84,217.6,0,25.5
260,2021-09-08T11:00:00-05:00,318.5,24.98,28.86,29.25,27.95,80.8,5.81,13.97,273,0,25.23
260,2021-09-08T10:45:00-05:00,500.8,24.92,28.91,29.43,27.88,81.8,6.89,11.23,276.1,0,25.49
260,2021-09-08T10:30:00-05:00,261.3,24.87,28.63,29.06,27.67,81.9,5.75,11.67,230.4,0,25.24
260,2021-09-08T10:15:00-05:00,478.9,24.84,29.08,30.12,28.2,80.5,4.61,11.12,218.1,0,25.39
260,2021-09-08T10:00:00-05:00,392.1,24.82,28.31,28.96,27.49,83,5,8.86,183,0,25.15
260,2021-09-08T09:45:00-05:00,371.6,24.82,28.04,28.82,27.29,84.2,5.37,10.69,185.9,0,25.12
260,2021-09-08T09:30:00-05:00,395.4,24.82,27.25,28,26.71,87.7,4.86,9.04,192.7,0,25.03
260,2021-09-08T09:15:00-05:00,314,24.82,26.14,27.01,25.81,92.5,4.46,7.6,178.4,0,24.83
260,2021-09-08T09:00:00-05:00,245.8,24.83,24.95,25.7,24.83,95.8,3.91,8.35,139.6,0,24.23
260,2021-09-08T08:45:00-05:00,114.6,24.85,24.28,24.75,24.2,96.3,3.83,6.19,144.4,0,23.65
260,2021-09-08T08:30:00-05:00,120.7,24.87,23.53,23.8,23.51,96.6,2.03,4,122.7,0,22.96
260,2021-09-08T08:15:00-05:00,58.34,24.89,23.2,23.45,23.18,96.6,2.18,3.1,122.7,0,22.63
260,2021-09-08T08:00:00-05:00,56.92,24.91,23.08,22.93,23.21,96.9,0.59,2.16,122.9,0,22.56
260,2021-09-08T07:45:00-05:00,21.73,24.94,22.39,21.94,22.46,96.9,1.11,1.66,80.8,0,21.87
260,2021-09-08T07:30:00-05:00,8.81,24.97,22.49,21.81,22.35,96.9,1.11,2.12,96.8,0,21.97
260,2021-09-08T07:15:00-05:00,2.207,24.99,22.53,21.89,22.25,96.9,2.27,3.96,107.4,0,22.01
260,2021-09-08T07:00:00-05:00,0.675,25.02,22.47,21.86,22.17,96.8,1.43,5.62,151.4,0,21.94
260,2021-09-08T06:45:00-05:00,0.582,25.04,22.44,21.63,22.13,96.8,2.48,6.19,125.4,0,21.91
260,2021-09-08T06:30:00-05:00,0.58,25.07,22.35,21.45,22.17,96.8,0.72,1.66,158.2,0,21.82
260,2021-09-08T06:15:00-05:00,0.585,25.1,22.38,21.53,22.27,96.8,1.25,1.73,93.2,0,21.85
260,2021-09-08T06:00:00-05:00,0.585,25.12,22.39,21.66,22.32,96.7,1.02,2.23,356.7,0,21.84
260,2021-09-08T05:45:00-05:00,0.587,25.15,22.46,21.82,22.47,96.7,1.34,2.52,130.8,0,21.91
260,2021-09-08T05:30:00-05:00,0.582,25.18,22.54,21.95,22.56,96.7,4.43,6.91,305.8,0,21.99
260,2021-09-08T05:15:00-05:00,0.583,25.21,22.58,21.75,22.28,96.6,1.86,5.58,291.8,0,22.01
260,2021-09-08T05:00:00-05:00,0.58,25.24,22.6,21.74,22.3,96.6,0.4,1.33,269.1,0,22.03
260,2021-09-08T04:45:00-05:00,0.585,25.27,22.57,21.77,22.52,96.5,1.14,2.3,14.18,0,21.99
260,2021-09-08T04:30:00-05:00,0.582,25.3,22.74,21.83,22.67,96.4,1.1,1.87,26.97,0,22.14
260,2021-09-08T04:15:00-05:00,0.582,25.33,22.85,21.85,22.6,96.4,1.29,2.05,133.5,0,22.25
260,2021-09-08T04:00:00-05:00,0.584,25.36,22.81,21.91,22.65,96.3,0.64,1.22,147.8,0,22.19
260,2021-09-08T03:45:00-05:00,0.581,25.38,22.95,22.02,22.89,96.1,1.11,1.66,293.3,0,22.3
260,2021-09-08T03:30:00-05:00,0.584,25.42,23.18,22.18,23,96,1.08,1.58,49.77,0,22.51
260,2021-09-08T03:15:00-05:00,0.585,25.44,23.26,22.37,23.18,95.8,1.25,2.3,113.8,0,22.55
260,2021-09-08T03:00:00-05:00,0.585,25.47,23.66,22.67,23.53,95.5,1.4,3.82,249.7,0,22.9
260,2021-09-08T02:45:00-05:00,0.585,25.5,23.97,23.08,23.73,95.5,1.95,4.03,169.5,0,23.21
260,2021-09-08T02:30:00-05:00,0.583,25.53,24.06,23.23,23.84,95.6,3.32,6.48,158.3,0,23.31
260,2021-09-08T02:15:00-05:00,0.585,25.56,24.03,23.17,23.85,95.5,3.98,6.66,187.5,0,23.27
260,2021-09-08T02:00:00-05:00,0.585,25.59,24.19,23.34,23.92,95.5,3.91,5.65,168.2,0,23.43
260,2021-09-08T01:45:00-05:00,0.585,25.62,24.25,23.47,24.06,95.7,4.23,7.09,151.8,0,23.52
260,2021-09-08T01:30:00-05:00,0.585,25.65,24.1,23.31,23.91,95.8,3.74,7.27,196.8,0,23.39
260,2021-09-08T01:15:00-05:00,0.585,25.69,24.23,23.6,23.9,95.9,4.74,9,191.6,0,23.53
260,2021-09-08T01:00:00-05:00,0.583,25.72,24.22,23.66,23.94,96.2,7.8,14.18,143.7,0,23.58
260,2021-09-08T00:45:00-05:00,0.584,25.76,23.82,23.13,23.61,96.3,5.85,9.14,148.5,0,23.2
260,2021-09-08T00:30:00-05:00,0.584,25.79,23.75,22.99,23.58,96.3,4.45,6.34,134.8,0,23.13
260,2021-09-08T00:15:00-05:00,0.584,25.83,23.81,23.19,23.59,96.3,4.39,6.12,148.1,0,23.19
260,2021-09-08T00:00:00-05:00,0.584,25.87,23.66,23.03,23.47,96.4,4.59,7.2,157,0,23.05
260,2021-09-07T23:45:00-05:00,0.583,25.91,23.54,22.89,23.46,96.3,3.26,5.9,152.6,0,22.92
260,2021-09-07T23:30:00-05:00,0.585,25.95,23.7,23,23.57,96.3,3.9,6.88,142.1,0,23.08
260,2021-09-07T23:15:00-05:00,0.584,25.98,23.82,23.05,23.49,96.2,3.52,6.16,135,0,23.18
260,2021-09-07T23:00:00-05:00,0.584,26.02,23.81,22.91,23.61,96.1,2.91,3.74,93.9,0,23.15
260,2021-09-07T22:45:00-05:00,0.582,26.06,23.85,23.04,23.74,96,2.36,4.46,95,0,23.17
260,2021-09-07T22:30:00-05:00,0.582,26.1,24.11,23.35,23.83,95.8,3.57,4.64,81.1,0,23.4
260,2021-09-07T22:15:00-05:00,0.58,26.13,24.31,23.54,23.98,95.6,3.9,4.93,85.5,0,23.56
260,2021-09-07T22:00:00-05:00,0.578,26.17,24.52,23.47,24.26,95.4,2.42,4.64,101,0,23.74
260,2021-09-07T21:45:00-05:00,0.575,26.2,24.68,23.74,24.81,95.1,2.31,4.39,141.8,0,23.84
260,2021-09-07T21:30:00-05:00,0.567,26.23,24.85,24.03,25.21,95,4.18,6.55,204.6,0,23.99
260,2021-09-07T21:15:00-05:00,0.559,26.25,25.02,24.23,25.14,95,3.01,6.16,230,0,24.16
260,2021-09-07T21:00:00-05:00,0.553,26.27,25.18,24.52,25.28,95,4.74,9.9,273.7,0,24.32
260,2021-09-07T20:45:00-05:00,0.535,26.29,25.33,24.51,25.12,94.8,3.73,9.14,343.1,0,24.44
260,2021-09-07T20:30:00-05:00,0.526,26.3,25.65,24.91,25.22,94.4,2.68,4.28,116.8,0,24.68
260,2021-09-07T20:15:00-05:00,0.574,26.32,26.02,25.34,25.57,93.7,1.9,3.53,82.6,0,24.93
260,2021-09-07T20:00:00-05:00,1.334,26.32,26.39,25.89,25.81,92.7,3.61,6.37,92.7,0,25.11
260,2021-09-07T19:45:00-05:00,14.92,26.33,27.21,26.82,26.92,89.9,2.75,6.44,142.7,0,25.41
260,2021-09-07T19:30:00-05:00,34.75,26.33,27.69,27.75,27.39,87.8,2.27,5.36,267.5,0,25.48
260,2021-09-07T19:15:00-05:00,59.22,26.33,28.25,28.65,27.84,85.5,1.87,3.6,206.2,0,25.59
260,2021-09-07T19:00:00-05:00,68.01,26.31,28.26,28.25,27.89,83.2,2.42,4.07,285.4,0,25.14
260,2021-09-07T18:45:00-05:00,52.95,26.29,27.96,27.57,27.71,81.9,5.17,9.97,229.1,0,24.58
260,2021-09-07T18:30:00-05:00,50,26.26,28.26,27.89,27.97,80.7,5.68,8.46,215.6,0,24.63
260,2021-09-07T18:15:00-05:00,67.83,26.22,28.83,28.56,28.38,79.3,7.33,10.69,228.6,0,24.89
260,2021-09-07T18:00:00-05:00,89.6,26.17,29.47,29.5,28.8,76.4,4.94,9.22,215.3,0,24.89
260,2021-09-07T17:45:00-05:00,293.2,26.11,30.08,30.89,29.29,75.7,6.45,11.16,197,0,25.32
260,2021-09-07T17:30:00-05:00,353.7,26.04,29.71,30.26,29.04,77.8,7.1,12.63,172.9,0,25.42
260,2021-09-07T17:15:00-05:00,174.9,25.97,29.07,29.26,28.4,80.3,6.96,13.82,178.6,0,25.33
260,2021-09-07T17:00:00-05:00,379.8,25.89,29.81,30.22,28.93,78.1,10.02,18.14,193.7,0,25.59
260,2021-09-07T16:45:00-05:00,385.5,25.82,30.08,30.86,29.22,77.2,7.68,14.37,163.4,0,25.65
260,2021-09-07T16:30:00-05:00,610.8,25.76,30.1,30.95,29.31,76.4,6.84,15.26,184.7,0,25.5
260,2021-09-07T16:15:00-05:00,641.9,25.71,29.23,29.95,28.48,80.3,6.09,10.37,173.2,0,25.49
260,2021-09-07T16:00:00-05:00,513.4,25.68,28.42,28.94,27.89,83.3,6,11.44,192.6,0,25.32
260,2021-09-07T15:45:00-05:00,367.3,25.66,27.56,28.12,27.45,86.6,3.66,7.88,206,0,25.13
260,2021-09-07T15:30:00-05:00,418.6,25.68,27,27.94,27,89.3,2.7,6.16,9.64,0,25.09
260,2021-09-07T15:15:00-05:00,482.1,25.72,26.34,27.54,26.24,93.2,3.1,6.34,116.9,0,25.15
260,2021-09-07T15:00:00-05:00,467.7,25.79,25.54,26.13,25.29,95,3.89,7.2,89.3,0,24.68
260,2021-09-07T14:45:00-05:00,226.2,25.88,25.14,25.2,24.61,95.2,3.74,5.8,104.2,0,24.32
260,2021-09-07T14:30:00-05:00,136.3,26,24.7,24.61,24.33,95.1,2.51,4.82,138.1,0,23.86
260,2021-09-07T14:15:00-05:00,88,26.14,24.35,24.09,23.89,94.8,4.48,7.92,191.9,0,23.46
260,2021-09-07T14:00:00-05:00,53.05,26.21,24.29,23.77,23.97,93.9,5.6,14.08,350.3,0.07,23.25
260,2021-09-07T13:45:00-05:00,22.27,26.06,24.72,24.21,24.43,92.5,13.87,34.46,131,0.82,23.42
260,2021-09-07T13:30:00-05:00,32.38,25.97,24.82,24.29,24.83,89.4,11.99,37.08,181.8,0.19,22.96
260,2021-09-07T13:15:00-05:00,63.76,25.87,27.64,27.2,26.91,82.2,12.07,27.47,243.4,0.01,24.33
260,2021-09-07T13:00:00-05:00,132.8,25.76,29.54,29.47,28.84,76.2,6.97,10.98,246.6,0,24.91
260,2021-09-07T12:45:00-05:00,164.2,25.65,30.08,30.32,29.36,71.7,3.35,8.32,241.4,0,24.41
260,2021-09-07T12:30:00-05:00,391.2,25.53,30.52,31.02,29.56,70.7,6.61,10.4,259.6,0,24.6
260,2021-09-07T12:15:00-05:00,506.1,25.43,30.58,31.22,29.64,70.2,5.99,11.59,246.7,0,24.54
260,2021-09-07T12:00:00-05:00,690.5,25.34,30.75,31.71,29.97,70.6,3.62,8.35,239.8,0,24.8
260,2021-09-07T11:45:00-05:00,476.5,25.25,29.79,30.41,28.91,73.9,5.97,9.68,216.6,0,24.64
260,2021-09-07T11:30:00-05:00,357.7,25.15,29.31,29.73,28.59,76.2,3.11,7.52,198,0,24.69
260,2021-09-07T11:15:00-05:00,275.4,25.05,29.58,30.25,28.71,75.5,3.67,7.99,267.2,0,24.79
260,2021-09-07T11:00:00-05:00,473.9,24.97,29.58,30.34,28.67,76,2.86,7.63,279.3,0,24.9
260,2021-09-07T10:45:00-05:00,593.8,24.91,29.51,30.41,28.57,78.6,3.74,6.8,353.5,0,25.4
260,2021-09-07T10:30:00-05:00,500.6,24.86,29.29,30.38,28.54,81.4,2.45,4.79,82.2,0,25.78
260,2021-09-07T10:15:00-05:00,448.4,24.83,28.36,29.57,27.77,87.6,2.42,5.36,73.4,0,26.1
260,2021-09-07T10:00:00-05:00,418.7,24.82,27.11,28.47,27.2,94,2.2,4.68,79.7,0,26.06
260,2021-09-07T09:45:00-05:00,377.3,24.81,25.91,27.17,25.97,96,2.29,4.18,71.7,0,25.22
260,2021-09-07T09:30:00-05:00,247.2,24.81,24.61,25.11,24.45,96.6,3.5,4.97,23.96,0,24.03
260,2021-09-07T09:15:00-05:00,107.4,24.82,24.2,24.67,24.08,96.7,3,4.39,29.21,0,23.64
260,2021-09-07T09:00:00-05:00,151.6,24.83,23.72,24.18,23.69,96.9,1.63,2.88,90.1,0,23.2
260,2021-09-07T08:45:00-05:00,63.12,24.84,23.1,23.06,22.8,97,2.82,6.12,52.91,0,22.6
260,2021-09-07T08:30:00-05:00,31.02,24.87,23.05,22.86,22.71,97,1.92,3.6,71.2,0,22.55
260,2021-09-07T08:15:00-05:00,44.35,24.89,22.67,22.51,22.57,97,2.53,5.83,65.81,0,22.17
260,2021-09-07T08:00:00-05:00,32.23,24.92,22.16,21.75,22.4,97,3.84,7.52,20.6,0,21.66
260,2021-09-07T07:45:00-05:00,15.85,24.94,22.06,21.5,21.95,97,1.42,3.1,215.7,0,21.56
260,2021-09-07T07:30:00-05:00,10.32,24.98,22.04,21.2,22.03,97,1.33,2.27,35.58,0,21.54
260,2021-09-07T07:15:00-05:00,3.304,25.01,22.09,20.89,21.98,97,0.5,1.8,200.1,0,21.59
260,2021-09-07T07:00:00-05:00,0.896,25.03,22.05,20.88,22.15,97,0.89,1.8,17.63,0,21.55
260,2021-09-07T06:45:00-05:00,0.654,25.07,22.03,20.89,21.93,97,0.62,1.48,35.36,0,21.53
260,2021-09-07T06:30:00-05:00,0.645,25.1,22.15,20.98,22.05,96.9,0.6,1.66,167.7,0,21.63
260,2021-09-07T06:15:00-05:00,0.658,25.14,22.04,20.98,22.11,96.9,0.71,1.98,137.1,0,21.52
260,2021-09-07T06:00:00-05:00,0.656,25.17,22.01,21,22.29,96.9,1.12,2.05,32.56,0,21.5
260,2021-09-07T05:45:00-05:00,0.654,25.2,22.04,20.95,22.4,96.9,1.64,3.1,58.47,0,21.52
260,2021-09-07T05:30:00-05:00,0.649,25.24,22.16,20.96,22.16,96.9,0.8,1.26,291.8,0,21.64
260,2021-09-07T05:15:00-05:00,0.636,25.27,22.17,21.17,22.21,96.9,0.43,0.94,272.4,0,21.65
260,2021-09-07T05:00:00-05:00,0.612,25.31,22.14,21.07,22.48,96.8,0.87,1.8,87.6,0,21.61
260,2021-09-07T04:45:00-05:00,0.622,25.34,22.29,21.26,22.58,96.8,0.71,2.05,127.6,0,21.76
260,2021-09-07T04:30:00-05:00,0.639,25.38,22.31,21.21,22.54,96.8,1.28,3.42,138.7,0,21.78
260,2021-09-07T04:15:00-05:00,0.614,25.42,22.31,21.01,22.61,96.7,1.49,2.41,169.2,0,21.76
260,2021-09-07T04:00:00-05:00,0.591,25.45,22.4,21.18,22.73,96.7,2.24,3.31,160.3,0,21.85
260,2021-09-07T03:45:00-05:00,0.595,25.49,22.41,21.34,22.71,96.7,2.49,5.22,129.3,0,21.86
260,2021-09-07T03:30:00-05:00,0.587,25.53,22.46,21.23,22.69,96.7,3.07,5.36,138.8,0,21.91
260,2021-09-07T03:15:00-05:00,0.593,25.57,22.42,21.37,22.77,96.6,2.39,4.75,138.2,0,21.85
260,2021-09-07T03:00:00-05:00,0.592,25.62,22.45,21.52,22.71,96.6,3.66,6.19,140.9,0,21.88
260,2021-09-07T02:45:00-05:00,0.593,25.65,22.45,21.41,22.69,96.6,2.6,3.74,127.4,0,21.88
260,2021-09-07T02:30:00-05:00,0.592,25.7,22.43,21.56,22.63,96.5,2.66,4.03,136.1,0,21.85
260,2021-09-07T02:15:00-05:00,0.591,25.74,22.52,21.71,22.71,96.4,2.82,4.32,149,0,21.92
260,2021-09-07T02:00:00-05:00,0.591,25.78,22.56,21.72,22.36,96.4,3.03,5.18,126.9,0,21.96
260,2021-09-07T01:45:00-05:00,0.589,25.83,22.54,21.55,22.39,96.3,1.78,2.56,156.1,0,21.92
260,2021-09-07T01:30:00-05:00,0.586,25.87,22.67,21.67,22.5,96.3,2.59,3.64,96.3,0,22.05
260,2021-09-07T01:15:00-05:00,0.587,25.91,22.75,21.63,22.4,96.2,0.93,1.76,74,0,22.11
260,2021-09-07T01:00:00-05:00,0.587,25.96,22.78,21.6,22.5,96.1,0.9,1.76,235.8,0,22.13
260,2021-09-07T00:45:00-05:00,0.585,26,22.87,21.86,22.62,96.1,0.68,1.69,230.1,0,22.22
260,2021-09-07T00:30:00-05:00,0.585,26.05,22.93,21.94,22.76,96,1.01,2.12,339.8,0,22.26
260,2021-09-07T00:15:00-05:00,0.584,26.09,22.99,22.16,22.98,95.9,1.65,2.63,176.9,0,22.3
260,2021-09-07T00:00:00-05:00,0.585,26.14,23.09,22.26,23.11,95.8,2.99,5,119,0,22.38
260,2021-09-06T23:45:00-05:00,0.589,26.19,23.01,22.12,23.1,95.6,2.04,3.13,28.49,0,22.27
260,2021-09-06T23:30:00-05:00,0.587,26.24,23.26,22.37,23.14,95.4,2.33,3.89,232.1,0,22.48
260,2021-09-06T23:15:00-05:00,0.589,26.28,23.47,22.55,23.16,95.3,1.42,3.67,137.8,0,22.67
260,2021-09-06T23:00:00-05:00,0.593,26.33,23.63,22.73,23.36,95.1,2.96,4.79,107.8,0,22.8
260,2021-09-06T22:45:00-05:00,0.589,26.37,23.61,22.75,23.53,94.9,1.1,2.2,82.7,0,22.74
260,2021-09-06T22:30:00-05:00,0.587,26.42,23.76,22.82,23.67,94.8,2.11,3.89,80.8,0,22.88
260,2021-09-06T22:15:00-05:00,0.587,26.47,23.86,23.02,23.9,94.8,2.31,4.86,168.2,0,22.98
260,2021-09-06T22:00:00-05:00,0.593,26.51,23.94,23.17,23.88,94.9,3.91,5.62,125.4,0,23.07
260,2021-09-06T21:45:00-05:00,0.595,26.57,24,23.24,23.79,94.8,3.92,5.33,99.8,0,23.11
260,2021-09-06T21:30:00-05:00,0.597,26.61,23.97,23.25,23.74,94.7,3.64,5.15,122.7,0,23.07
260,2021-09-06T21:15:00-05:00,0.594,26.66,24.04,23.13,23.87,94.4,3.71,4.79,115,0,23.08
260,2021-09-06T21:00:00-05:00,0.614,26.7,24.19,23.09,23.99,93.8,2.19,3.85,227.9,0,23.13
260,2021-09-06T20:45:00-05:00,0.634,26.74,24.45,23.33,24.13,93.2,1.2,1.98,317.7,0,23.28
260,2021-09-06T20:30:00-05:00,0.665,26.77,24.65,23.74,24.47,92.1,1.19,2.05,359.6,0,23.28
260,2021-09-06T20:15:00-05:00,0.747,26.8,25.32,24.24,24.97,90.3,2.65,3.71,78,0,23.62
260,2021-09-06T20:00:00-05:00,1.863,26.82,26.12,25.19,25.58,87.5,1.66,2.56,121.4,0,23.88
260,2021-09-06T19:45:00-05:00,7.99,26.84,27.02,26.51,26.65,83.8,1.17,1.87,191.1,0,24.05
260,2021-09-06T19:30:00-05:00,20.86,26.84,28.05,27.94,27.52,78.5,1.94,4.39,302.7,0,23.96
260,2021-09-06T19:15:00-05:00,76.6,26.85,28.69,28.88,28.02,74.8,4.68,7.6,313.6,0,23.78
260,2021-09-06T19:00:00-05:00,143.9,26.86,29.18,29.59,28.36,72,4.96,7.27,295.6,0,23.62
260,2021-09-06T18:45:00-05:00,211.6,26.87,29.23,29.96,28.49,73.1,4.06,7.24,278.2,0,23.92
260,2021-09-06T18:30:00-05:00,162.3,26.89,28.1,28.19,27.44,76.8,3.2,5.47,274.8,0,23.65
260,2021-09-06T18:15:00-05:00,104.9,26.91,27.83,27.83,27.23,75.4,2.77,4.68,270.7,0,23.08
260,2021-09-06T18:00:00-05:00,108.6,26.92,27.86,27.83,27.25,75.2,2.87,4.97,303.7,0,23.07
260,2021-09-06T17:45:00-05:00,122.1,26.94,27.86,27.8,27.25,73.7,4.48,6.52,271.5,0,22.74
260,2021-09-06T17:30:00-05:00,145.6,26.96,28.08,28.08,27.44,71.7,4.89,8.82,286.2,0,22.49
260,2021-09-06T17:15:00-05:00,162.1,27,27.99,28.11,27.36,70.3,3.46,8.32,306.4,0,22.08
260,2021-09-06T17:00:00-05:00,196,27.04,28.3,28.38,27.71,65.38,5.25,15.45,117.6,0,21.19
260,2021-09-06T16:45:00-05:00,236.9,27.09,27.84,27.78,27.27,65.56,10.57,18.43,160,0,20.8
260,2021-09-06T16:30:00-05:00,198.6,27.13,27,26.84,26.51,68.78,12.44,23.26,189.4,0,20.78
260,2021-09-06T16:15:00-05:00,155.3,27.17,26.11,25.88,25.57,74,20.29,33.8,209.7,0,21.12
260,2021-09-06T16:00:00-05:00,187,27.2,25.85,25.72,25.22,79.4,24,35.89,206.1,0,22.02
260,2021-09-06T15:45:00-05:00,164.3,27.21,26.12,25.94,25.49,81.1,21.11,35.53,216.1,0,22.63
260,2021-09-06T15:30:00-05:00,151.4,27.2,25.77,25.68,25.23,85.3,15.95,24.98,239.2,0,23.12
260,2021-09-06T15:15:00-05:00,110,27.16,25.27,25.15,24.72,88.3,15.4,25.64,247.1,0,23.2
260,2021-09-06T15:00:00-05:00,97.8,27.09,25.57,25.41,24.86,86.8,14.53,27.29,258.4,0,23.21
260,2021-09-06T14:45:00-05:00,119.6,26.98,28.3,28.13,27.49,77.9,14.76,38.33,260.4,0,24.08
260,2021-09-06T14:30:00-05:00,209.5,26.85,30.2,30.18,29.47,68.37,8.32,18.25,270.8,0,23.74
260,2021-09-06T14:15:00-05:00,220,26.7,30.92,31.02,30.12,62.83,6.34,11.09,251.5,0,23.02
260,2021-09-06T14:00:00-05:00,510.2,26.55,31.75,32.47,30.9,60.22,3.77,9.4,248.4,0,23.1
260,2021-09-06T13:45:00-05:00,696.7,26.39,31.42,31.87,30.38,63.03,7.2,14.08,263.9,0,23.54
260,2021-09-06T13:30:00-05:00,624.2,26.24,31.43,32.21,30.42,63.2,5.32,12.86,207.3,0,23.6
260,2021-09-06T13:15:00-05:00,774,26.09,31.55,32.27,30.37,64.77,5.97,12.67,281,0,24.12
260,2021-09-06T13:00:00-05:00,755,25.95,31.21,31.95,30.16,61.85,6.77,14.15,242,0,23.03
260,2021-09-06T12:45:00-05:00,752,25.81,30.77,31.34,29.61,63.68,8.28,14.84,284.2,0,23.1
260,2021-09-06T12:30:00-05:00,772,25.68,30.93,31.84,29.89,69,5.57,13.24,252,0,24.59
260,2021-09-06T12:15:00-05:00,515.9,25.56,29.69,30.16,28.74,73.5,5.03,9.54,289.1,0,24.45
260,2021-09-06T12:00:00-05:00,660.7,25.45,30.24,30.89,28.86,73.9,10.44,15.26,281.1,0,25.07
260,2021-09-06T11:45:00-05:00,691.6,25.36,30.25,30.92,29.04,73.1,7.09,12.78,285,0,24.9
260,2021-09-06T11:30:00-05:00,694.1,25.29,29.91,30.5,28.71,74.2,7.5,14.03,268.8,0,24.82
260,2021-09-06T11:15:00-05:00,689.8,25.23,29.66,30.48,28.51,76.1,6.77,13.1,265,0,25
260,2021-09-06T11:00:00-05:00,565.6,25.17,28.82,29.31,27.88,79.3,7.4,12.57,211.8,0,24.88
260,2021-09-06T10:45:00-05:00,194.1,25.11,28.11,28.2,27.4,81.2,6.92,12.67,258.9,0,24.59
260,2021-09-06T10:30:00-05:00,204.3,25.05,28.1,28.38,27.34,81.7,6.97,11.52,284.9,0,24.68
260,2021-09-06T10:15:00-05:00,431.9,25.01,28.33,28.9,27.37,81,7.9,12.86,261.9,0,24.76
260,2021-09-06T10:00:00-05:00,413,24.99,28.44,29.11,27.47,81.6,6.11,11.7,258,0,24.99
260,2021-09-06T09:45:00-05:00,368.1,24.97,28.42,29.27,27.68,82.1,3.45,7.63,235.5,0,25.07
260,2021-09-06T09:30:00-05:00,331.3,24.96,27.74,28.61,27.27,85.8,2.73,5.51,167.5,0,25.15
260,2021-09-06T09:15:00-05:00,295,24.97,26.89,28.1,26.75,90.1,2.45,4.68,178.3,0,25.13
260,2021-09-06T09:00:00-05:00,252.8,24.99,25.91,27.15,26.22,94.7,1.75,3.31,190.1,0,24.99
260,2021-09-06T08:45:00-05:00,208.6,25.01,24.71,25.97,25.2,95.7,1.09,2.7,344.8,0,23.98
260,2021-09-06T08:30:00-05:00,167.9,25.03,23.66,24.79,24.15,96.1,1.13,2.23,212.7,0,23
260,2021-09-06T08:15:00-05:00,124.9,25.07,23.03,23.76,23.54,96.6,0.95,3.2,148.6,0,22.46
260,2021-09-06T08:00:00-05:00,82.4,25.1,21.76,22.07,22.04,96.8,1.2,1.98,133.2,0,21.23
260,2021-09-06T07:45:00-05:00,43.89,25.14,21.19,21.05,21.21,96.9,1.57,2.63,219,0,20.68
260,2021-09-06T07:30:00-05:00,16.39,25.18,21.08,20.31,20.91,96.9,1.38,2.34,177.2,0,20.57
260,2021-09-06T07:15:00-05:00,4.116,25.22,21.02,20.06,20.86,96.9,0.43,0.97,281.3,0,20.51
260,2021-09-06T07:00:00-05:00,1.06,25.26,21.07,20.09,20.91,96.9,0.78,1.37,356.7,0,20.56
260,2021-09-06T06:45:00-05:00,0.766,25.3,21.11,20.14,20.95,96.9,0.78,2.09,81.6,0,20.6
260,2021-09-06T06:30:00-05:00,0.762,25.34,21.18,20.31,21.06,96.8,0.91,1.91,180.8,0,20.65
260,2021-09-06T06:15:00-05:00,0.749,25.38,21.22,20.26,21.07,96.8,1.59,2.45,217.7,0,20.69
260,2021-09-06T06:00:00-05:00,0.758,25.42,21.29,20.18,21.12,96.8,0.94,1.26,213.1,0,20.76
260,2021-09-06T05:45:00-05:00,0.747,25.47,21.35,20.36,21.18,96.8,0.98,1.44,180.2,0,20.82
260,2021-09-06T05:30:00-05:00,0.737,25.51,21.42,20.6,21.21,96.8,1.3,1.69,120.5,0,20.89
260,2021-09-06T05:15:00-05:00,0.738,25.55,21.49,20.67,21.29,96.7,1.46,2.09,129.2,0,20.94
260,2021-09-06T05:00:00-05:00,0.746,25.6,21.61,20.63,21.34,96.7,1.33,1.91,94.5,0,21.06
260,2021-09-06T04:45:00-05:00,0.733,25.64,21.68,20.7,21.41,96.7,1.05,1.8,150.1,0,21.13
260,2021-09-06T04:30:00-05:00,0.679,25.69,21.57,20.63,21.41,96.7,0.73,1.58,186.4,0,21.02
260,2021-09-06T04:15:00-05:00,0.69,25.74,21.74,20.73,21.52,96.6,1.22,2.2,303.2,0,21.18
260,2021-09-06T04:00:00-05:00,0.692,25.79,21.86,21,21.55,96.6,0.9,1.37,239.3,0,21.3
260,2021-09-06T03:45:00-05:00,0.698,25.84,21.91,20.67,21.66,96.6,0.97,1.91,192.7,0,21.34
260,2021-09-06T03:30:00-05:00,0.7,25.89,21.94,20.6,21.73,96.5,0.36,0.79,240.1,0,21.36
260,2021-09-06T03:15:00-05:00,0.704,25.94,21.98,20.8,21.84,96.5,0.28,1.12,95.2,0,21.4
260,2021-09-06T03:00:00-05:00,0.675,25.99,22,20.96,21.96,96.4,1.27,1.66,120.2,0,21.4
260,2021-09-06T02:45:00-05:00,0.674,26.04,21.98,21.1,22.04,96.3,1.12,2.38,256.1,0,21.36
260,2021-09-06T02:30:00-05:00,0.687,26.1,22.12,21.16,22.13,96.3,2.14,4.07,18.98,0,21.5
260,2021-09-06T02:15:00-05:00,0.697,26.15,22.32,21,22.22,96.3,1.18,1.76,56.26,0,21.7
260,2021-09-06T02:00:00-05:00,0.7,26.21,22.37,21.27,22.25,96.2,0.69,1.22,315.1,0,21.74
260,2021-09-06T01:45:00-05:00,0.691,26.27,22.53,21.37,22.45,96.1,1.22,2.3,222.6,0,21.88
260,2021-09-06T01:30:00-05:00,0.71,26.32,22.43,21.43,22.67,96,1.35,2.09,117.7,0,21.76
260,2021-09-06T01:15:00-05:00,0.686,26.38,22.61,21.62,22.87,95.9,2.08,2.84,351,0,21.92
260,2021-09-06T01:00:00-05:00,0.686,26.44,22.81,21.9,22.8,95.9,1.62,2.45,304.3,0,22.12
260,2021-09-06T00:45:00-05:00,0.679,26.5,22.87,22.01,23.04,95.8,1.46,3.46,272.3,0,22.16
260,2021-09-06T00:30:00-05:00,0.685,26.56,22.97,22.13,23.16,95.7,1.79,2.84,268.7,0,22.25
260,2021-09-06T00:15:00-05:00,0.683,26.61,23.03,22.06,23.29,95.6,1.36,3.13,270.1,0,22.29
260,2021-09-06T00:00:00-05:00,0.698,26.68,23.14,22.28,23.59,95.4,2.76,4.21,249,0,22.36
