line_sp,x_pix,y_pix,S,freq0,linewidth,S_err,freq0_err,linewidth_err,vlsr_ms,vlsr_kms,vlsr_ms_err,vlsr_kms_err,linewidth_ms,linewidth_kms,linewidth_ms_err,linewidth_kms_err,fwhm_kms,fwhm_kms_err,source,color,line,spw,channel,x_pix,y_pix,amplitude,amplitude_error,x_mean,x_mean_error,y_mean,y_mean_error,x_mean_sky,y_mean_sky,x_mean_pix,y_mean_pix,ra_hms,dec_dms,ra_hms_error,dec_dms_error,SkyCoord_pix,frame,header,j_transition,k_transition
"(5,3)",638,356,0.4584794266253375,21.28126417198039,1.7650548770643204e-05,0.005650551100599555,2.5130156145948195e-07,2.5106020877117843e-07,56490.507668515995,56.490507668515995,3.539456869087957,0.0035394568690879573,248.5991560362741,0.2485991560362741,3.536057537123892,0.0035360575371238922,0.585406275811995,0.008326779168802112,d2,tab:blue,"(5,3)",44,74,638,356,0.4225162857,0.05035620288,290.9158922,8.88301612e-07,14.51800503,8.115141917e-07,290.9158922,14.51800503,637.6700951251688,355.9180041150346,19:23:39.8141,14:31:04.8181,0:00:00.00021,0:00:00.00292,"(array(637.67009513), array(355.91800412))",icrs,"WCS Keywords

Number of WCS axes: 2
CTYPE : 'RA---SIN' 'DEC--SIN' 
CRVAL : 290.91707399926 14.51823448245 
CRPIX : 344.4824349 415.9193021 
PC1_1 PC1_2  : 1.0 0.0 
PC2_1 PC2_2  : 0.0 1.0 
CDELT : -3.888888888889e-06 3.888888888889e-06 
NAXIS : 800  800",5,3
"(5,3)",630,358,0.07828949376847065,21.28140154932528,2.286515994754761e-05,0.005495699073391981,1.853437974852419e-06,1.853392810076598e-06,54555.616439784586,54.555616439784586,26.104747353818496,0.026104747353818496,322.04434771166683,0.32204434771166685,26.10411123052864,0.02610411123052864,0.75835648538035,0.06147048438336636,d2,tab:blue,"(5,3)",44,83,630,358,0.07884919624,0.01634434032,290.915922,1.511516291e-06,14.51801323,1.38085635e-06,290.915922,14.51801323,630.2519107127431,358.0265376702962,19:23:39.8213,14:31:04.8476,0:00:00.00036,0:00:00.00497,"(array(630.25191071), array(358.02653767))",icrs,"WCS Keywords

Number of WCS axes: 2
CTYPE : 'RA---SIN' 'DEC--SIN' 
CRVAL : 290.91707399926 14.51823448245 
CRPIX : 344.4824349 415.9193021 
PC1_1 PC1_2  : 1.0 0.0 
PC2_1 PC2_2  : 0.0 1.0 
CDELT : -3.888888888889e-06 3.888888888889e-06 
NAXIS : 800  800",5,3
"(6,2)",637,359,0.03902317765025137,18.88127601084868,3.3657028401200906e-05,0.0020947704337101617,2.0862428954070403e-06,2.0862246571358946e-06,54276.07708516279,54.27607708516279,33.11887671996363,0.03311887671996363,534.3016275016265,0.5343016275016265,33.11858718941328,0.03311858718941328,1.2581841825334896,0.07798831297673561,d2,tab:orange,"(6,2)",50,79,637,359,0.03246163247,0.01104642695,290.9158969,2.031904039e-06,14.51801548,2.031904038e-06,290.9158969,14.51801548,636.5001008497902,358.6051409360873,19:23:39.8153,14:31:04.8557,0:00:00.00049,0:00:00.00731,"(array(636.50010085), array(358.60514094))",icrs,"WCS Keywords

Number of WCS axes: 2
CTYPE : 'RA---SIN' 'DEC--SIN' 
CRVAL : 290.91707399926 14.51823448245 
CRPIX : 344.4824349 415.9193021 
PC1_1 PC1_2  : 1.0 0.0 
PC2_1 PC2_2  : 0.0 1.0 
CDELT : -3.888888888889e-06 3.888888888889e-06 
NAXIS : 800  800",6,2
"(6,3)",638,356,0.8606603025037122,19.753856331792143,1.6956031900283442e-05,0.0037911135368956534,8.623100404666867e-08,8.625912740908143e-08,55864.06370945605,55.864063709456055,1.3084324908781015,0.0013084324908781016,257.2835988629952,0.2572835988629952,1.308859222788978,0.001308859222788978,0.605856575860283,0.003082127933947114,d2,tab:green,"(6,3)",56,271,638,356,0.6714095506,0.1037741739,290.9158918,9.088331601e-07,14.5180057,7.994728594e-07,290.9158918,14.5180057,637.7696670289309,356.0902903483643,19:23:39.8140,14:31:04.8205,0:00:00.00022,0:00:00.00288,"(array(637.76966703), array(356.09029035))",icrs,"WCS Keywords

Number of WCS axes: 2
CTYPE : 'RA---SIN' 'DEC--SIN' 
CRVAL : 290.91707399926 14.51823448245 
CRPIX : 344.4824349 415.9193021 
PC1_1 PC1_2  : 1.0 0.0 
PC2_1 PC2_2  : 0.0 1.0 
CDELT : -3.888888888889e-06 3.888888888889e-06 
NAXIS : 800  800",6,3
"(6,3)",630,358,0.14811110731534777,19.753989494219905,1.6782591030239496e-05,0.004384561400610718,5.737188829492399e-07,5.73662558916938e-07,53843.513804302325,53.843513804302326,8.705365725242027,0.008705365725242028,254.65188104733753,0.25465188104733755,8.704511088389589,0.008704511088389589,0.5996593539951073,0.02049755719313397,d2,tab:green,"(6,3)",56,279,630,358,0.1130991518,0.02176438846,290.9159233,1.222520905e-06,14.51801342,1.075414418e-06,290.9159233,14.51801342,629.9282988829186,358.07539318359386,19:23:39.8216,14:31:04.8483,0:00:00.00029,0:00:00.00387,"(array(629.92829888), array(358.07539318))",icrs,"WCS Keywords

Number of WCS axes: 2
CTYPE : 'RA---SIN' 'DEC--SIN' 
CRVAL : 290.91707399926 14.51823448245 
CRPIX : 344.4824349 415.9193021 
PC1_1 PC1_2  : 1.0 0.0 
PC2_1 PC2_2  : 0.0 1.0 
CDELT : -3.888888888889e-06 3.888888888889e-06 
NAXIS : 800  800",6,3
"(7,4)",637,358,0.04676972226209815,19.21501712914187,2.5787976052651387e-05,0.0031297767404281835,1.992741909479062e-06,1.9927111898467024e-06,53783.987400910475,53.783987400910476,31.08515665545305,0.031085156655453052,402.2714991894253,0.4022714991894253,31.08467745411757,0.03108467745411757,0.9472769898359099,0.07319882156227767,d2,tab:red,"(7,4)",53,81,637,358,0.04475543046,0.009377369159,290.9158952,1.487143796e-06,14.51801293,1.358590684e-06,290.9158952,14.51801293,636.9232886207838,357.9494288283897,19:23:39.8148,14:31:04.8465,0:00:00.00036,0:00:00.00489,"(array(636.92328862), array(357.94942883))",icrs,"WCS Keywords

Number of WCS axes: 2
CTYPE : 'RA---SIN' 'DEC--SIN' 
CRVAL : 290.91707399926 14.51823448245 
CRPIX : 344.4824349 415.9193021 
PC1_1 PC1_2  : 1.0 0.0 
PC2_1 PC2_2  : 0.0 1.0 
CDELT : -3.888888888889e-06 3.888888888889e-06 
NAXIS : 800  800",7,4
"(7,5)",637,358,2.4581599624407735,20.80106019679021,2.836535624917847e-05,0.021771473286895975,2.9009012836666475e-07,2.9008579827500336e-07,54321.93247619959,54.32193247619959,4.180127048602558,0.004180127048602558,408.73777252622943,0.40873777252622945,4.180064653051979,0.0041800646530519795,0.9625038999060656,0.009843300034532142,d2,tab:purple,"(7,5)",38,34,637,358,2.393348965,0.1498613425,290.9158949,7.112482778e-07,14.51801485,5.872081529e-07,290.9158949,14.51801485,636.9979656732313,358.4431435027142,19:23:39.8148,14:31:04.8535,0:00:00.00017,0:00:00.00211,"(array(636.99796567), array(358.4431435))",icrs,"WCS Keywords

Number of WCS axes: 2
CTYPE : 'RA---SIN' 'DEC--SIN' 
CRVAL : 290.91707399926 14.51823448245 
CRPIX : 344.4824349 415.9193021 
PC1_1 PC1_2  : 1.0 0.0 
PC2_1 PC2_2  : 0.0 1.0 
CDELT : -3.888888888889e-06 3.888888888889e-06 
NAXIS : 800  800",7,5
"(7,6)",344,415,0.3639976861443857,22.921290795358924,3.153662827002306e-05,0.005829244996244277,6.262044999429749e-07,6.543782865066498e-07,47721.12943775985,47.721129437759856,8.188958673329802,0.008188958673329801,412.40863906743056,0.4124086390674306,8.557390988750976,0.008557390988750977,0.9711481300199193,0.020151115833478013,CA3,tab:cyan,"(7,6)",6,50,344,415,0.2204492833,0.03375278452,290.917073,1.134828205e-06,14.5182357,9.340259056e-07,290.917073,14.5182357,343.73118243902644,415.23238639022946,19:23:40.0975,14:31:05.6485,0:00:00.00027,0:00:00.00336,"(array(343.73118244), array(415.23238639))",icrs,"WCS Keywords

Number of WCS axes: 2
CTYPE : 'RA---SIN' 'DEC--SIN' 
CRVAL : 290.91707399926 14.51823448245 
CRPIX : 344.4824349 415.9193021 
PC1_1 PC1_2  : 1.0 0.0 
PC2_1 PC2_2  : 0.0 1.0 
CDELT : -3.888888888889e-06 3.888888888889e-06 
NAXIS : 800  800",7,6
"(7,6)",344,415,0.25367877147984996,22.9211531089038,4.044047237391231e-05,0.005314180551654295,1.018449535076211e-06,1.187858443558853e-06,49521.67333517328,49.521673335173276,13.318398629154734,0.013318398629154734,528.845380430931,0.528845380430931,15.533781224751857,0.015533781224751858,1.2453357025607743,0.03657925940317109,CA3,tab:cyan,"(7,6)",6,59,344,415,0.2461656948,0.03925124575,290.9170743,1.319696178e-06,14.51823561,1.086182396e-06,290.9170743,14.51823561,343.4075711671273,415.2092435285044,19:23:40.0978,14:31:05.6482,0:00:00.00032,0:00:00.00391,"(array(343.40757117), array(415.20924353))",icrs,"WCS Keywords

Number of WCS axes: 2
CTYPE : 'RA---SIN' 'DEC--SIN' 
CRVAL : 290.91707399926 14.51823448245 
CRPIX : 344.4824349 415.9193021 
PC1_1 PC1_2  : 1.0 0.0 
PC2_1 PC2_2  : 0.0 1.0 
CDELT : -3.888888888889e-06 3.888888888889e-06 
NAXIS : 800  800",7,6
"(7,6)",344,415,0.23459319803215536,22.92100643826884,3.210974732850263e-05,0.0057754748828087905,9.490849977867292e-07,9.86276075943252e-07,51439.70453484243,51.43970453484243,12.411309444535433,0.012411309444535433,419.9033924350833,0.4199033924350833,12.897662069066362,0.012897662069066363,0.9887969254826312,0.030371673174272817,CA3,tab:cyan,"(7,6)",6,68,344,415,0.3710561492,0.04055346004,290.9170744,1.481724445e-06,14.51823584,1.506210782e-06,290.9170744,14.51823584,343.3826780016623,415.2683863852245,19:23:40.0979,14:31:05.6490,0:00:00.00036,0:00:00.00542,"(array(343.382678), array(415.26838639))",icrs,"WCS Keywords

Number of WCS axes: 2
CTYPE : 'RA---SIN' 'DEC--SIN' 
CRVAL : 290.91707399926 14.51823448245 
CRPIX : 344.4824349 415.9193021 
PC1_1 PC1_2  : 1.0 0.0 
PC2_1 PC2_2  : 0.0 1.0 
CDELT : -3.888888888889e-06 3.888888888889e-06 
NAXIS : 800  800",7,6
"(7,7)",344,415,0.04186244508963012,25.710927349754957,6.306156776310363e-05,0.0048528677322516745,9.174856398222505e-06,1.0179207950474615e-05,49601.51769064858,49.60151769064858,106.96221210567951,0.10696221210567951,735.1836905153696,0.7351836905153696,118.67113256153222,0.11867113256153222,1.731225291205422,0.27944916172242107,CA3,tab:olive,"(7,7)",28,49,344,415,0.04682912157,0.0117887095,290.9170734,1.926786139e-06,14.51823417,1.760229043e-06,290.9170734,14.51823417,343.63160974799365,414.83895781449985,19:23:40.0976,14:31:05.6430,0:00:00.00046,0:00:00.00634,"(array(343.63160975), array(414.83895781))",icrs,"WCS Keywords

Number of WCS axes: 2
CTYPE : 'RA---SIN' 'DEC--SIN' 
CRVAL : 290.91707399926 14.51823448245 
CRPIX : 344.4824349 415.9193021 
PC1_1 PC1_2  : 1.0 0.0 
PC2_1 PC2_2  : 0.0 1.0 
CDELT : -3.888888888889e-06 3.888888888889e-06 
NAXIS : 800  800",7,7
"(7,7)",344,415,0.5522060879968882,25.711087096143288,2.9647106532429534e-05,0.007140325630701331,5.529165345602501e-07,5.878156750238303e-07,47739.164065685385,47.73916406568539,6.446005591741849,0.0064460055917418485,345.6315782616241,0.3456315782616241,6.852866375447909,0.006852866375447909,0.8139001686861558,0.016137267106823325,CA3,tab:olive,"(7,7)",28,59,344,415,0.5744646277,0.02474447601,290.9170728,3.476696127e-07,14.51823554,3.176160224e-07,290.9170728,14.51823554,343.78096878554095,415.19124352920375,19:23:40.0975,14:31:05.6479,0:00:00.00008,0:00:00.00114,"(array(343.78096879), array(415.19124353))",icrs,"WCS Keywords

Number of WCS axes: 2
CTYPE : 'RA---SIN' 'DEC--SIN' 
CRVAL : 290.91707399926 14.51823448245 
CRPIX : 344.4824349 415.9193021 
PC1_1 PC1_2  : 1.0 0.0 
PC2_1 PC2_2  : 0.0 1.0 
CDELT : -3.888888888889e-06 3.888888888889e-06 
NAXIS : 800  800",7,7
"(7,7)",344,415,0.22768572935556713,25.711216635633598,5.0994641470917854e-05,0.0054204558429598055,1.7046276487142723e-06,1.8802424814644841e-06,46228.96817409197,46.22896817409197,19.872871706014454,0.019872871706014456,594.5051803014733,0.5945051803014733,21.920222658904656,0.021920222658904656,1.399952715448648,0.0516181797087303,CA3,tab:olive,"(7,7)",28,69,344,415,0.2264670077,0.01441957088,290.9170728,5.020972329e-07,14.51823554,4.58694462e-07,290.9170728,14.51823554,343.78096878554095,415.19124352920375,19:23:40.0975,14:31:05.6479,0:00:00.00012,0:00:00.00165,"(array(343.78096879), array(415.19124353))",icrs,"WCS Keywords

Number of WCS axes: 2
CTYPE : 'RA---SIN' 'DEC--SIN' 
CRVAL : 290.91707399926 14.51823448245 
CRPIX : 344.4824349 415.9193021 
PC1_1 PC1_2  : 1.0 0.0 
PC2_1 PC2_2  : 0.0 1.0 
CDELT : -3.888888888889e-06 3.888888888889e-06 
NAXIS : 800  800",7,7
"(8,5)",637,358,0.11232137360731817,18.80510978466919,1.997932442707022e-05,0.0032323730198032634,6.639265446418525e-07,6.639030891008464e-07,54148.87712129043,54.14887712129043,10.582454564289856,0.010582454564289856,318.45434510941374,0.31845434510941373,10.582080701851336,0.010582080701851336,0.7499026752908511,0.024918895754854703,d2,tab:gray,"(8,5)",48,79,637,358,0.1027793889,0.005347570988,290.9158955,1.03358173e-06,14.51801321,8.718963753e-07,290.9158955,14.51801321,636.8486086548921,358.02142844251244,19:23:39.8149,14:31:04.8476,0:00:00.00025,0:00:00.00314,"(array(636.84860865), array(358.02142844))",icrs,"WCS Keywords

Number of WCS axes: 2
CTYPE : 'RA---SIN' 'DEC--SIN' 
CRVAL : 290.91707399926 14.51823448245 
CRPIX : 344.4824349 415.9193021 
PC1_1 PC1_2  : 1.0 0.0 
PC2_1 PC2_2  : 0.0 1.0 
CDELT : -3.888888888889e-06 3.888888888889e-06 
NAXIS : 800  800",8,5
"(9,8)",637,358,0.1758000346475421,23.653174912372556,2.047311764526297e-05,0.0049961741053790865,6.71893413938326e-07,6.718619314205319e-07,54440.92775661036,54.440927756610364,8.514374933761188,0.008514374933761188,259.43966122991577,0.2594396612299158,8.513975980661192,0.008513975980661191,0.6109337147402445,0.020048881302173006,d2,tab:brown,"(9,8)",8,84,637,358,0.1723839422,0.02243257313,290.9158941,1.026607357e-06,14.51801335,9.378643777e-07,290.9158941,14.51801335,637.19711325714,358.0574302442504,19:23:39.8146,14:31:04.8481,0:00:00.00025,0:00:00.00338,"(array(637.19711326), array(358.05743024))",icrs,"WCS Keywords

Number of WCS axes: 2
CTYPE : 'RA---SIN' 'DEC--SIN' 
CRVAL : 290.91707399926 14.51823448245 
CRPIX : 344.4824349 415.9193021 
PC1_1 PC1_2  : 1.0 0.0 
PC2_1 PC2_2  : 0.0 1.0 
CDELT : -3.888888888889e-06 3.888888888889e-06 
NAXIS : 800  800",9,8
"(11,9)",407,413,0.08339627593595066,21.066419929364343,1.9272867188905267e-05,0.0049815924074834445,1.329404007591096e-06,1.3292483288035665e-06,61451.32366448975,61.45132366448975,18.914632994637035,0.018914632994637037,274.21250992997733,0.2742125099299773,18.912418011746688,0.018912418011746687,0.6457211149813589,0.04453534103406547,W51North,tab:pink,"(11,9)",41,52,407,413,0.08305390278,0.01507809804,290.9168208,1.451398148e-06,14.51822744,1.325934997e-06,290.9168208,14.51822744,406.51177120705034,413.1084213010605,19:23:40.0370,14:31:05.6188,0:00:00.00035,0:00:00.00477,"(array(406.51177121), array(413.1084213))",icrs,"WCS Keywords

Number of WCS axes: 2
CTYPE : 'RA---SIN' 'DEC--SIN' 
CRVAL : 290.91707399926 14.51823448245 
CRPIX : 344.4824349 415.9193021 
PC1_1 PC1_2  : 1.0 0.0 
PC2_1 PC2_2  : 0.0 1.0 
CDELT : -3.888888888889e-06 3.888888888889e-06 
NAXIS : 800  800",11,9
"(11,9)",365,397,0.03761208672977719,21.066455923538523,2.317748280902211e-05,0.0045646685277264554,3.247970152637966e-06,3.2478966567585506e-06,60939.201998938996,60.939201998939,46.21180849755535,0.04621180849755535,329.7670072971566,0.32976700729715663,46.21076280521667,0.04621076280521667,0.7765419589732118,0.10881803054989483,W51North,tab:pink,"(11,9)",41,55,365,397,0.04051070365,0.01439860703,290.9169855,2.847270864e-06,14.51816444,2.601144345e-06,290.9169855,14.51816444,365.5127173368488,396.9083906461581,19:23:40.0765,14:31:05.3920,0:00:00.00068,0:00:00.00936,"(array(365.51271734), array(396.90839065))",icrs,"WCS Keywords

Number of WCS axes: 2
CTYPE : 'RA---SIN' 'DEC--SIN' 
CRVAL : 290.91707399926 14.51823448245 
CRPIX : 344.4824349 415.9193021 
PC1_1 PC1_2  : 1.0 0.0 
PC2_1 PC2_2  : 0.0 1.0 
CDELT : -3.888888888889e-06 3.888888888889e-06 
NAXIS : 800  800",11,9
"(11,9)",344,415,0.41649612108858397,21.067399222408536,2.931614259808703e-05,0.005974531667981869,4.85592311693522e-07,4.855853505978345e-07,47518.035951098136,47.518035951098135,6.908960939077795,0.006908960939077794,417.1072712997402,0.4171072712997402,6.908861897274537,0.006908861897274537,0.9822125633847907,0.016269126484052633,CA3,tab:pink,"(11,9)",41,114,344,415,0.3824626686,0.04013656465,290.9170726,7.840065103e-07,14.51823542,7.162346671e-07,290.9170726,14.51823542,343.8307551446528,415.1603863857155,19:23:40.0974,14:31:05.6475,0:00:00.00019,0:00:00.00258,"(array(343.83075514), array(415.16038639))",icrs,"WCS Keywords

Number of WCS axes: 2
CTYPE : 'RA---SIN' 'DEC--SIN' 
CRVAL : 290.91707399926 14.51823448245 
CRPIX : 344.4824349 415.9193021 
PC1_1 PC1_2  : 1.0 0.0 
PC2_1 PC2_2  : 0.0 1.0 
CDELT : -3.888888888889e-06 3.888888888889e-06 
NAXIS : 800  800",11,9
